﻿Company_Number,rev_DigitalMedia,rev_DigitalMedia2017,rev_DigitalMedia2018,NEW_SALES_SEGMENT
1614,0,0,0,NA Mid-Market
1766,0,0,0,NA Mid-Market
4071,0,0,0,NA Mid-Market
6756,0,0,0,NA Mid-Market
7877,0,0,0,NA Mid-Market
8911,3610,3610,0,NA Mid-Market
9266,0,0,0,NA Mid-Market
9796,0,0,0,NA Mid-Market
10077,0,0,0,NA Mid-Market
11902,0,0,0,NA Mid-Market
13690,0,0,0,NA Mid-Market
13704,0,0,0,NA Mid-Market
15279,0,0,0,NA Mid-Market
16125,0,0,0,NA Mid-Market
17507,0,0,0,NA Mid-Market
19205,0,0,0,NA Mid-Market
19815,0,0,0,NA Mid-Market
22484,0,0,0,NA Mid-Market
24080,0,0,0,NA Mid-Market
25922,0,0,0,NA Mid-Market
26210,0,0,0,NA Mid-Market
26473,0,0,0,NA Mid-Market
26726,0,0,0,NA Mid-Market
27262,0,0,0,NA Mid-Market
27818,0,0,0,NA Mid-Market
28175,0,0,0,NA Mid-Market
36659,0,0,0,NA Mid-Market
36856,0,0,0,NA Mid-Market
38056,0,0,0,NA Mid-Market
38151,0,0,0,NA Mid-Market
38276,0,0,0,NA Mid-Market
38776,0,0,0,NA Mid-Market
38820,21649,6345,15304,NA Mid-Market
39955,0,0,0,NA Mid-Market
39993,0,0,0,NA Mid-Market
40239,0,0,0,NA Mid-Market
40645,0,0,0,NA Mid-Market
41907,0,0,0,NA Mid-Market
42825,0,0,0,NA Mid-Market
42953,0,0,0,NA Mid-Market
44145,0,0,0,NA Mid-Market
44419,8010,8010,0,NA Mid-Market
45141,0,0,0,NA Mid-Market
46280,0,0,0,NA Mid-Market
47242,0,0,0,NA Mid-Market
47308,128498.44,66924.22,61574.22,NA Mid-Market
47334,0,0,0,NA Mid-Market
47727,0,0,0,NA Mid-Market
48353,0,0,0,NA Mid-Market
48810,0,0,0,NA Mid-Market
51659,4145,0,4145,NA Mid-Market
51847,0,0,0,NA Mid-Market
52849,0,0,0,NA Mid-Market
52889,0,0,0,NA Mid-Market
53915,0,0,0,NA Mid-Market
54354,0,0,0,NA Mid-Market
55042,0,0,0,NA Mid-Market
55742,0,0,0,NA Mid-Market
55999,0,0,0,NA Mid-Market
56478,0,0,0,NA Mid-Market
56570,395,395,0,NA Mid-Market
57175,0,0,0,NA Mid-Market
57516,0,0,0,NA Mid-Market
58511,84591.48,61468.74,23122.74,NA Mid-Market
59412,0,0,0,NA Mid-Market
59441,0,0,0,NA Mid-Market
60583,0,0,0,NA Mid-Market
61006,0,0,0,NA Mid-Market
61098,0,0,0,NA Mid-Market
61761,0,0,0,NA Mid-Market
62116,0,0,0,NA Mid-Market
62664,0,0,0,NA Mid-Market
62750,0,0,0,NA Mid-Market
63525,2670,2670,0,NA Mid-Market
63841,0,0,0,NA Mid-Market
64728,0,0,0,NA Mid-Market
65310,0,0,0,NA Mid-Market
65976,0,0,0,NA Mid-Market
66258,0,0,0,NA Mid-Market
66269,0,0,0,NA Mid-Market
67302,0,0,0,NA Mid-Market
68152,1418.08,0,1418.08,NA Mid-Market
68357,495,495,0,NA Mid-Market
68780,0,0,0,NA Mid-Market
69231,0,0,0,NA Mid-Market
69480,0,0,0,NA Mid-Market
70034,0,0,0,NA Mid-Market
70062,0,0,0,NA Mid-Market
70460,0,0,0,NA Mid-Market
70511,0,0,0,NA Mid-Market
71028,0,0,0,NA Mid-Market
71065,0,0,0,NA Mid-Market
71133,0,0,0,NA Mid-Market
71488,0,0,0,NA Mid-Market
71508,0,0,0,NA Mid-Market
72539,0,0,0,NA Mid-Market
72651,0,0,0,NA Mid-Market
73043,0,0,0,NA Mid-Market
73363,0,0,0,NA Mid-Market
74322,0,0,0,NA Mid-Market
74327,0,0,0,NA Mid-Market
74518,0,0,0,NA Mid-Market
74827,0,0,0,NA Mid-Market
75581,0,0,0,NA Mid-Market
75642,0,0,0,NA Mid-Market
77873,0,0,0,NA Mid-Market
78438,32224.22,32224.22,0,NA Mid-Market
78646,0,0,0,NA Mid-Market
78935,2670,2670,0,NA Mid-Market
79067,0,0,0,NA Mid-Market
79202,0,0,0,NA Mid-Market
79306,0,0,0,NA Mid-Market
80668,0,0,0,NA Mid-Market
80946,0,0,0,NA Mid-Market
81040,0,0,0,NA Mid-Market
81233,0,0,0,NA Mid-Market
81869,19310,14195,5115,NA Mid-Market
82330,0,0,0,NA Mid-Market
83360,0,0,0,NA Mid-Market
83513,395,395,0,NA Mid-Market
83681,0,0,0,NA Mid-Market
83974,12153.54,8394.57,3758.97,NA Mid-Market
84757,0,0,0,NA Mid-Market
84824,0,0,0,NA Mid-Market
84825,0,0,0,NA Mid-Market
85604,0,0,0,NA Mid-Market
86413,0,0,0,NA Mid-Market
86764,0,0,0,NA Mid-Market
86845,10630.45,10630.45,0,NA Mid-Market
87384,17009.89,17009.89,0,NA Mid-Market
87868,0,0,0,NA Mid-Market
87998,0,0,0,NA Mid-Market
88546,0,0,0,NA Mid-Market
88837,0,0,0,NA Mid-Market
89157,0,0,0,NA Mid-Market
89547,0,0,0,NA Mid-Market
90014,0,0,0,NA Mid-Market
90260,0,0,0,NA Mid-Market
90587,0,0,0,NA Mid-Market
90808,0,0,0,NA Mid-Market
91324,0,0,0,NA Mid-Market
92124,0,0,0,NA Mid-Market
92263,0,0,0,NA Mid-Market
92821,0,0,0,NA Mid-Market
92887,0,0,0,NA Mid-Market
93091,0,0,0,NA Mid-Market
94008,0,0,0,NA Mid-Market
94011,0,0,0,NA Mid-Market
94092,0,0,0,NA Mid-Market
94272,0,0,0,NA Mid-Market
94278,0,0,0,NA Mid-Market
95143,0,0,0,NA Mid-Market
95249,0,0,0,NA Mid-Market
95254,0,0,0,NA Mid-Market
95262,0,0,0,NA Mid-Market
95732,0,0,0,NA Mid-Market
95740,0,0,0,NA Mid-Market
95744,0,0,0,NA Mid-Market
96090,0,0,0,NA Mid-Market
96141,0,0,0,NA Mid-Market
96278,0,0,0,NA Mid-Market
96296,0,0,0,NA Mid-Market
96436,0,0,0,NA Mid-Market
96603,0,0,0,NA Mid-Market
97083,0,0,0,NA Mid-Market
97107,0,0,0,NA Mid-Market
97188,0,0,0,NA Mid-Market
97224,0,0,0,NA Mid-Market
97439,0,0,0,NA Mid-Market
97614,0,0,0,NA Mid-Market
97706,14997.83,9588.29,5409.54,NA Mid-Market
97946,0,0,0,NA Mid-Market
98241,0,0,0,NA Mid-Market
98543,0,0,0,NA Mid-Market
98564,33010.05,11752.6,21257.45,NA Mid-Market
99788,0,0,0,NA Mid-Market
99839,0,0,0,NA Mid-Market
99874,0,0,0,NA Mid-Market
100588,0,0,0,NA Mid-Market
100727,0,0,0,NA Mid-Market
100820,395,395,0,NA Mid-Market
100943,0,0,0,NA Mid-Market
101053,0,0,0,NA Mid-Market
101208,0,0,0,NA Mid-Market
101225,3073,0,3073,NA Mid-Market
101858,120541.5,69973.2,50568.3,NA Mid-Market
101983,0,0,0,NA Mid-Market
101994,0,0,0,NA Mid-Market
102006,0,0,0,NA Mid-Market
102118,29659.97,18615,11044.97,NA Mid-Market
102617,63587.65,45142.15,18445.5,NA Mid-Market
102735,0,0,0,NA Mid-Market
102827,0,0,0,NA Mid-Market
103197,32360,22780,9580,NA Mid-Market
103348,0,0,0,NA Mid-Market
103416,0,0,0,NA Mid-Market
103674,0,0,0,NA Mid-Market
103823,0,0,0,NA Mid-Market
104009,0,0,0,NA Mid-Market
104030,0,0,0,NA Mid-Market
104184,0,0,0,NA Mid-Market
104300,0,0,0,NA Mid-Market
104311,0,0,0,NA Mid-Market
104426,0,0,0,NA Mid-Market
104471,0,0,0,NA Mid-Market
104515,0,0,0,NA Mid-Market
104525,0,0,0,NA Mid-Market
104983,0,0,0,NA Mid-Market
106472,0,0,0,NA Mid-Market
106600,0,0,0,NA Mid-Market
106749,0,0,0,NA Mid-Market
106753,0,0,0,NA Mid-Market
107082,0,0,0,NA Mid-Market
107265,0,0,0,NA Mid-Market
107308,0,0,0,NA Mid-Market
107447,0,0,0,NA Mid-Market
107627,0,0,0,NA Mid-Market
107957,0,0,0,NA Mid-Market
108022,0,0,0,NA Mid-Market
108460,0,0,0,NA Mid-Market
108668,0,0,0,NA Mid-Market
110746,0,0,0,NA Mid-Market
111106,0,0,0,NA Mid-Market
112045,0,0,0,NA Mid-Market
112222,0,0,0,NA Mid-Market
112364,0,0,0,NA Mid-Market
112468,0,0,0,NA Mid-Market
112489,0,0,0,NA Mid-Market
112592,0,0,0,NA Mid-Market
112625,0,0,0,NA Mid-Market
113021,0,0,0,NA Mid-Market
113810,0,0,0,NA Mid-Market
114233,0,0,0,NA Mid-Market
114761,0,0,0,NA Mid-Market
114945,0,0,0,NA Mid-Market
116134,0,0,0,NA Mid-Market
116536,0,0,0,NA Mid-Market
116746,0,0,0,NA Mid-Market
116860,0,0,0,NA Mid-Market
117239,0,0,0,NA Mid-Market
117332,0,0,0,NA Mid-Market
118391,0,0,0,NA Mid-Market
118529,0,0,0,NA Mid-Market
119105,0,0,0,NA Mid-Market
119266,0,0,0,NA Mid-Market
119671,0,0,0,NA Mid-Market
120231,0,0,0,NA Mid-Market
120523,0,0,0,NA Mid-Market
120609,0,0,0,NA Mid-Market
120960,0,0,0,NA Mid-Market
121161,0,0,0,NA Mid-Market
122909,0,0,0,NA Mid-Market
122918,0,0,0,NA Mid-Market
123067,0,0,0,NA Mid-Market
123102,0,0,0,NA Mid-Market
123267,0,0,0,NA Mid-Market
123671,0,0,0,NA Mid-Market
124647,0,0,0,NA Mid-Market
125148,12609.12,12609.12,0,NA Mid-Market
125366,0,0,0,NA Mid-Market
125598,0,0,0,NA Mid-Market
125725,0,0,0,NA Mid-Market
126092,28376.61,23673.57,4703.04,NA Mid-Market
126334,0,0,0,NA Mid-Market
126388,0,0,0,NA Mid-Market
126480,0,0,0,NA Mid-Market
126535,0,0,0,NA Mid-Market
127060,0,0,0,NA Mid-Market
127282,0,0,0,NA Mid-Market
127605,0,0,0,NA Mid-Market
127804,0,0,0,NA Mid-Market
127882,0,0,0,NA Mid-Market
128029,0,0,0,NA Mid-Market
128503,0,0,0,NA Mid-Market
128543,0,0,0,NA Mid-Market
128850,0,0,0,NA Mid-Market
129662,0,0,0,NA Mid-Market
130249,3237.21,0,3237.21,NA Mid-Market
130602,0,0,0,NA Mid-Market
130739,0,0,0,NA Mid-Market
131161,0,0,0,NA Mid-Market
133264,0,0,0,NA Mid-Market
133409,0,0,0,NA Mid-Market
133678,0,0,0,NA Mid-Market
133923,0,0,0,NA Mid-Market
133951,0,0,0,NA Mid-Market
134063,0,0,0,NA Mid-Market
134408,108776.24,108776.24,0,NA Mid-Market
134494,0,0,0,NA Mid-Market
134525,0,0,0,NA Mid-Market
134653,0,0,0,NA Mid-Market
134781,0,0,0,NA Mid-Market
134937,0,0,0,NA Mid-Market
135215,0,0,0,NA Mid-Market
141407,0,0,0,NA Mid-Market
141565,0,0,0,NA Mid-Market
141638,0,0,0,NA Mid-Market
141641,0,0,0,NA Mid-Market
142142,0,0,0,NA Mid-Market
142246,0,0,0,NA Mid-Market
142411,174685,114349,60336,NA Mid-Market
142467,0,0,0,NA Mid-Market
151839,0,0,0,NA Mid-Market
151994,0,0,0,NA Mid-Market
152982,0,0,0,NA Mid-Market
153849,0,0,0,NA Mid-Market
154420,0,0,0,NA Mid-Market
154951,0,0,0,NA Mid-Market
157529,0,0,0,NA Mid-Market
157923,0,0,0,NA Mid-Market
158074,0,0,0,NA Mid-Market
158991,19565,9905,9660,NA Mid-Market
159241,0,0,0,NA Mid-Market
159738,0,0,0,NA Mid-Market
159812,0,0,0,NA Mid-Market
159851,0,0,0,NA Mid-Market
160767,76327.8,62244.5,14083.3,NA Mid-Market
161564,0,0,0,NA Mid-Market
161776,0,0,0,NA Mid-Market
162025,0,0,0,NA Mid-Market
162208,0,0,0,NA Mid-Market
162948,0,0,0,NA Mid-Market
163346,0,0,0,NA Mid-Market
163412,0,0,0,NA Mid-Market
163639,0,0,0,NA Mid-Market
163773,0,0,0,NA Mid-Market
163895,0,0,0,NA Mid-Market
163947,0,0,0,NA Mid-Market
164090,7955,7955,0,NA Mid-Market
164778,0,0,0,NA Mid-Market
164812,0,0,0,NA Mid-Market
165901,0,0,0,NA Mid-Market
166282,790,790,0,NA Mid-Market
166764,0,0,0,NA Mid-Market
166848,0,0,0,NA Mid-Market
166891,0,0,0,NA Mid-Market
166940,0,0,0,NA Mid-Market
167183,0,0,0,NA Mid-Market
167287,0,0,0,NA Mid-Market
167605,0,0,0,NA Mid-Market
167872,0,0,0,NA Mid-Market
168006,0,0,0,NA Mid-Market
168330,0,0,0,NA Mid-Market
168678,0,0,0,NA Mid-Market
168723,0,0,0,NA Mid-Market
169211,0,0,0,NA Mid-Market
169573,0,0,0,NA Mid-Market
170277,0,0,0,NA Mid-Market
170445,0,0,0,NA Mid-Market
170533,0,0,0,NA Mid-Market
170989,0,0,0,NA Mid-Market
171037,0,0,0,NA Mid-Market
171330,14012.06,14012.06,0,NA Mid-Market
171440,0,0,0,NA Mid-Market
171895,0,0,0,NA Mid-Market
172339,0,0,0,NA Mid-Market
173994,0,0,0,NA Mid-Market
174185,0,0,0,NA Mid-Market
174400,0,0,0,NA Mid-Market
174878,0,0,0,NA Mid-Market
175174,0,0,0,NA Mid-Market
175260,14386.69,14386.69,0,NA Mid-Market
175314,16775,8285,8490,NA Mid-Market
175433,0,0,0,NA Mid-Market
176148,0,0,0,NA Mid-Market
176407,0,0,0,NA Mid-Market
176847,0,0,0,NA Mid-Market
176864,0,0,0,NA Mid-Market
177029,0,0,0,NA Mid-Market
177115,0,0,0,NA Mid-Market
177356,0,0,0,NA Mid-Market
177380,0,0,0,NA Mid-Market
177826,0,0,0,NA Mid-Market
178991,0,0,0,NA Mid-Market
178999,0,0,0,NA Mid-Market
179172,0,0,0,NA Mid-Market
179255,0,0,0,NA Mid-Market
179758,0,0,0,NA Mid-Market
180380,0,0,0,NA Mid-Market
180575,0,0,0,NA Mid-Market
180579,0,0,0,NA Mid-Market
180693,0,0,0,NA Mid-Market
180746,0,0,0,NA Mid-Market
180755,0,0,0,NA Mid-Market
181356,0,0,0,NA Mid-Market
181789,0,0,0,NA Mid-Market
181933,0,0,0,NA Mid-Market
182226,0,0,0,NA Mid-Market
182745,0,0,0,NA Mid-Market
182850,0,0,0,NA Mid-Market
183201,0,0,0,NA Mid-Market
183323,0,0,0,NA Mid-Market
184843,0,0,0,NA Mid-Market
185301,0,0,0,NA Mid-Market
185918,0,0,0,NA Mid-Market
185993,0,0,0,NA Mid-Market
186048,0,0,0,NA Mid-Market
186386,0,0,0,NA Mid-Market
186387,0,0,0,NA Mid-Market
186499,0,0,0,NA Mid-Market
186525,0,0,0,NA Mid-Market
186574,0,0,0,NA Mid-Market
186671,0,0,0,NA Mid-Market
186908,0,0,0,NA Mid-Market
186985,0,0,0,NA Mid-Market
187113,0,0,0,NA Mid-Market
187158,0,0,0,NA Mid-Market
187243,0,0,0,NA Mid-Market
187259,0,0,0,NA Mid-Market
187487,0,0,0,NA Mid-Market
187573,0,0,0,NA Mid-Market
187699,0,0,0,NA Mid-Market
188035,0,0,0,NA Mid-Market
188238,0,0,0,NA Mid-Market
188385,0,0,0,NA Mid-Market
188508,0,0,0,NA Mid-Market
188717,0,0,0,NA Mid-Market
189042,0,0,0,NA Mid-Market
189194,0,0,0,NA Mid-Market
189796,0,0,0,NA Mid-Market
189813,0,0,0,NA Mid-Market
189946,0,0,0,NA Mid-Market
190308,0,0,0,NA Mid-Market
190468,0,0,0,NA Mid-Market
191328,0,0,0,NA Mid-Market
191539,0,0,0,NA Mid-Market
191646,0,0,0,NA Mid-Market
191770,0,0,0,NA Mid-Market
192290,0,0,0,NA Mid-Market
192292,0,0,0,NA Mid-Market
192306,0,0,0,NA Mid-Market
192979,0,0,0,NA Mid-Market
193508,0,0,0,NA Mid-Market
193595,0,0,0,NA Mid-Market
193611,0,0,0,NA Mid-Market
193932,0,0,0,NA Mid-Market
195815,0,0,0,NA Mid-Market
195820,0,0,0,NA Mid-Market
196080,0,0,0,NA Mid-Market
196117,0,0,0,NA Mid-Market
196363,0,0,0,NA Mid-Market
196367,0,0,0,NA Mid-Market
196462,0,0,0,NA Mid-Market
196678,0,0,0,NA Mid-Market
197251,0,0,0,NA Mid-Market
197402,0,0,0,NA Mid-Market
197643,0,0,0,NA Mid-Market
198413,0,0,0,NA Mid-Market
198703,0,0,0,NA Mid-Market
198751,0,0,0,NA Mid-Market
198764,0,0,0,NA Mid-Market
198851,10549.44,10549.44,0,NA Mid-Market
198917,0,0,0,NA Mid-Market
198936,35966,4240,31726,NA Mid-Market
199294,0,0,0,NA Mid-Market
199562,0,0,0,NA Mid-Market
199670,0,0,0,NA Mid-Market
199738,0,0,0,NA Mid-Market
200235,0,0,0,NA Mid-Market
200303,0,0,0,NA Mid-Market
200383,0,0,0,NA Mid-Market
200747,0,0,0,NA Mid-Market
200850,0,0,0,NA Mid-Market
201027,0,0,0,NA Mid-Market
201122,0,0,0,NA Mid-Market
201238,0,0,0,NA Mid-Market
201308,0,0,0,NA Mid-Market
201434,0,0,0,NA Mid-Market
201656,0,0,0,NA Mid-Market
201802,0,0,0,NA Mid-Market
202396,0,0,0,NA Mid-Market
202884,0,0,0,NA Mid-Market
203129,0,0,0,NA Mid-Market
203279,0,0,0,NA Mid-Market
203876,0,0,0,NA Mid-Market
204372,0,0,0,NA Mid-Market
204428,0,0,0,NA Mid-Market
204443,0,0,0,NA Mid-Market
214049,0,0,0,NA Mid-Market
214301,19080,7140,11940,NA Mid-Market
214323,0,0,0,NA Mid-Market
214325,0,0,0,NA Mid-Market
214380,3170,1580,1590,NA Mid-Market
214624,0,0,0,NA Mid-Market
214780,0,0,0,NA Mid-Market
215034,0,0,0,NA Mid-Market
215044,0,0,0,NA Mid-Market
215176,0,0,0,NA Mid-Market
215558,0,0,0,NA Mid-Market
215856,0,0,0,NA Mid-Market
215925,0,0,0,NA Mid-Market
215995,0,0,0,NA Mid-Market
216539,0,0,0,NA Mid-Market
217332,0,0,0,NA Mid-Market
217333,0,0,0,NA Mid-Market
217580,0,0,0,NA Mid-Market
217833,0,0,0,NA Mid-Market
218083,0,0,0,NA Mid-Market
219430,0,0,0,NA Mid-Market
219439,0,0,0,NA Mid-Market
219492,0,0,0,NA Mid-Market
220031,0,0,0,NA Mid-Market
220120,0,0,0,NA Mid-Market
220189,0,0,0,NA Mid-Market
221516,0,0,0,NA Mid-Market
222261,0,0,0,NA Mid-Market
223060,0,0,0,NA Mid-Market
223248,0,0,0,NA Mid-Market
224786,0,0,0,NA Mid-Market
225163,0,0,0,NA Mid-Market
225295,0,0,0,NA Mid-Market
225382,0,0,0,NA Mid-Market
225444,0,0,0,NA Mid-Market
225874,0,0,0,NA Mid-Market
226219,0,0,0,NA Mid-Market
226603,0,0,0,NA Mid-Market
226822,0,0,0,NA Mid-Market
226842,0,0,0,NA Mid-Market
227084,0,0,0,NA Mid-Market
227326,0,0,0,NA Mid-Market
227738,0,0,0,NA Mid-Market
227937,0,0,0,NA Mid-Market
228429,0,0,0,NA Mid-Market
228647,0,0,0,NA Mid-Market
229240,0,0,0,NA Mid-Market
229703,0,0,0,NA Mid-Market
229721,0,0,0,NA Mid-Market
229736,0,0,0,NA Mid-Market
229787,0,0,0,NA Mid-Market
229913,0,0,0,NA Mid-Market
230777,0,0,0,NA Mid-Market
230784,0,0,0,NA Mid-Market
231358,0,0,0,NA Mid-Market
231957,0,0,0,NA Mid-Market
232769,0,0,0,NA Mid-Market
232939,0,0,0,NA Mid-Market
233084,0,0,0,NA Mid-Market
233136,-1407.63,-1407.63,0,NA Mid-Market
233378,0,0,0,NA Mid-Market
233947,0,0,0,NA Mid-Market
234338,0,0,0,NA Mid-Market
234738,0,0,0,NA Mid-Market
235248,0,0,0,NA Mid-Market
235469,0,0,0,NA Mid-Market
236247,0,0,0,NA Mid-Market
236479,0,0,0,NA Mid-Market
236504,0,0,0,NA Mid-Market
236941,0,0,0,NA Mid-Market
237209,0,0,0,NA Mid-Market
237296,0,0,0,NA Mid-Market
237648,0,0,0,NA Mid-Market
237870,0,0,0,NA Mid-Market
238150,0,0,0,NA Mid-Market
238281,0,0,0,NA Mid-Market
238528,0,0,0,NA Mid-Market
238871,0,0,0,NA Mid-Market
239549,75960.79,51400.79,24560,NA Mid-Market
239828,0,0,0,NA Mid-Market
240390,0,0,0,NA Mid-Market
240829,0,0,0,NA Mid-Market
241387,0,0,0,NA Mid-Market
242019,0,0,0,NA Mid-Market
242177,0,0,0,NA Mid-Market
242610,0,0,0,NA Mid-Market
243302,0,0,0,NA Mid-Market
245230,0,0,0,NA Mid-Market
245461,0,0,0,NA Mid-Market
247014,280297.2,142903.85,137393.35,NA Mid-Market
247332,0,0,0,NA Mid-Market
248311,0,0,0,NA Mid-Market
248791,0,0,0,NA Mid-Market
248996,0,0,0,NA Mid-Market
249072,0,0,0,NA Mid-Market
249617,0,0,0,NA Mid-Market
249720,0,0,0,NA Mid-Market
252797,0,0,0,NA Mid-Market
255838,0,0,0,NA Mid-Market
258020,0,0,0,NA Mid-Market
258582,0,0,0,NA Mid-Market
260251,10847.08,10847.08,0,NA Mid-Market
260530,0,0,0,NA Mid-Market
261534,0,0,0,NA Mid-Market
261797,0,0,0,NA Mid-Market
262128,0,0,0,NA Mid-Market
263365,0,0,0,NA Mid-Market
263557,0,0,0,NA Mid-Market
263725,0,0,0,NA Mid-Market
264891,0,0,0,NA Mid-Market
265293,69367.66,30404.92,38962.74,NA Mid-Market
265574,0,0,0,NA Mid-Market
266111,0,0,0,NA Mid-Market
266295,0,0,0,NA Mid-Market
266402,0,0,0,NA Mid-Market
267773,0,0,0,NA Mid-Market
269846,0,0,0,NA Mid-Market
270319,0,0,0,NA Mid-Market
270366,0,0,0,NA Mid-Market
270552,0,0,0,NA Mid-Market
270981,0,0,0,NA Mid-Market
272622,0,0,0,NA Mid-Market
272757,20565.84,20565.84,0,NA Mid-Market
272983,0,0,0,NA Mid-Market
274686,0,0,0,NA Mid-Market
274939,0,0,0,NA Mid-Market
275161,0,0,0,NA Mid-Market
275235,0,0,0,NA Mid-Market
275359,0,0,0,NA Mid-Market
275451,0,0,0,NA Mid-Market
275703,0,0,0,NA Mid-Market
275902,0,0,0,NA Mid-Market
276121,0,0,0,NA Mid-Market
276332,6932,6932,0,NA Mid-Market
277228,0,0,0,NA Mid-Market
277491,0,0,0,NA Mid-Market
277714,0,0,0,NA Mid-Market
277918,0,0,0,NA Mid-Market
278533,0,0,0,NA Mid-Market
278867,0,0,0,NA Mid-Market
279347,0,0,0,NA Mid-Market
279444,0,0,0,NA Mid-Market
279682,0,0,0,NA Mid-Market
279724,0,0,0,NA Mid-Market
280518,0,0,0,NA Mid-Market
280803,0,0,0,NA Mid-Market
281181,0,0,0,NA Mid-Market
282397,0,0,0,NA Mid-Market
282877,0,0,0,NA Mid-Market
283359,0,0,0,NA Mid-Market
283680,0,0,0,NA Mid-Market
284008,0,0,0,NA Mid-Market
284047,0,0,0,NA Mid-Market
284125,0,0,0,NA Mid-Market
284607,0,0,0,NA Mid-Market
285415,0,0,0,NA Mid-Market
285465,0,0,0,NA Mid-Market
285768,0,0,0,NA Mid-Market
286267,0,0,0,NA Mid-Market
286671,0,0,0,NA Mid-Market
287046,0,0,0,NA Mid-Market
287476,0,0,0,NA Mid-Market
287530,0,0,0,NA Mid-Market
287674,0,0,0,NA Mid-Market
287878,0,0,0,NA Mid-Market
288434,51835,25155,26680,NA Mid-Market
288468,0,0,0,NA Mid-Market
288633,0,0,0,NA Mid-Market
288728,0,0,0,NA Mid-Market
288821,0,0,0,NA Mid-Market
288827,0,0,0,NA Mid-Market
289002,0,0,0,NA Mid-Market
289063,0,0,0,NA Mid-Market
289682,0,0,0,NA Mid-Market
289853,0,0,0,NA Mid-Market
290061,0,0,0,NA Mid-Market
290421,0,0,0,NA Mid-Market
291450,0,0,0,NA Mid-Market
291891,44223,37904,6319,NA Mid-Market
292621,0,0,0,NA Mid-Market
292851,20331,15106,5225,NA Mid-Market
292926,0,0,0,NA Mid-Market
293427,0,0,0,NA Mid-Market
293557,0,0,0,NA Mid-Market
293668,0,0,0,NA Mid-Market
293783,0,0,0,NA Mid-Market
293866,0,0,0,NA Mid-Market
293932,0,0,0,NA Mid-Market
294743,0,0,0,NA Mid-Market
294755,0,0,0,NA Mid-Market
294807,0,0,0,NA Mid-Market
294994,0,0,0,NA Mid-Market
295316,3185,790,2395,NA Mid-Market
295567,0,0,0,NA Mid-Market
296269,0,0,0,NA Mid-Market
296493,0,0,0,NA Mid-Market
296528,0,0,0,NA Mid-Market
296949,0,0,0,NA Mid-Market
297034,0,0,0,NA Mid-Market
297081,0,0,0,NA Mid-Market
297345,0,0,0,NA Mid-Market
297406,0,0,0,NA Mid-Market
298178,214279.05,175279.05,39000,NA Mid-Market
298381,0,0,0,NA Mid-Market
298637,0,0,0,NA Mid-Market
298639,0,0,0,NA Mid-Market
298657,0,0,0,NA Mid-Market
298953,0,0,0,NA Mid-Market
299215,0,0,0,NA Mid-Market
299742,0,0,0,NA Mid-Market
299865,62045,38260,23785,NA Mid-Market
300221,0,0,0,NA Mid-Market
301370,0,0,0,NA Mid-Market
301458,0,0,0,NA Mid-Market
302395,0,0,0,NA Mid-Market
302589,0,0,0,NA Mid-Market
302632,0,0,0,NA Mid-Market
303044,0,0,0,NA Mid-Market
303067,0,0,0,NA Mid-Market
303291,0,0,0,NA Mid-Market
303379,0,0,0,NA Mid-Market
303395,0,0,0,NA Mid-Market
303688,0,0,0,NA Mid-Market
303881,0,0,0,NA Mid-Market
303886,0,0,0,NA Mid-Market
304221,0,0,0,NA Mid-Market
304249,0,0,0,NA Mid-Market
304485,0,0,0,NA Mid-Market
304756,0,0,0,NA Mid-Market
304905,0,0,0,NA Mid-Market
305100,0,0,0,NA Mid-Market
305282,0,0,0,NA Mid-Market
306300,0,0,0,NA Mid-Market
306337,0,0,0,NA Mid-Market
306979,0,0,0,NA Mid-Market
307158,0,0,0,NA Mid-Market
307191,0,0,0,NA Mid-Market
307332,0,0,0,NA Mid-Market
307537,0,0,0,NA Mid-Market
307633,0,0,0,NA Mid-Market
307842,0,0,0,NA Mid-Market
307954,0,0,0,NA Mid-Market
308211,0,0,0,NA Mid-Market
308212,0,0,0,NA Mid-Market
308220,0,0,0,NA Mid-Market
308693,0,0,0,NA Mid-Market
308810,0,0,0,NA Mid-Market
308982,0,0,0,NA Mid-Market
309042,0,0,0,NA Mid-Market
309448,0,0,0,NA Mid-Market
309630,0,0,0,NA Mid-Market
310194,0,0,0,NA Mid-Market
310514,0,0,0,NA Mid-Market
311074,0,0,0,NA Mid-Market
311180,0,0,0,NA Mid-Market
311405,0,0,0,NA Mid-Market
311407,0,0,0,NA Mid-Market
311408,0,0,0,NA Mid-Market
311688,0,0,0,NA Mid-Market
312072,395,395,0,NA Mid-Market
312149,0,0,0,NA Mid-Market
312192,0,0,0,NA Mid-Market
312649,0,0,0,NA Mid-Market
312694,0,0,0,NA Mid-Market
312744,0,0,0,NA Mid-Market
312825,0,0,0,NA Mid-Market
313059,0,0,0,NA Mid-Market
313277,0,0,0,NA Mid-Market
313284,0,0,0,NA Mid-Market
313446,0,0,0,NA Mid-Market
313482,0,0,0,NA Mid-Market
313610,0,0,0,NA Mid-Market
313753,0,0,0,NA Mid-Market
314220,0,0,0,NA Mid-Market
314278,0,0,0,NA Mid-Market
314280,0,0,0,NA Mid-Market
314398,0,0,0,NA Mid-Market
314531,0,0,0,NA Mid-Market
314656,790,395,395,NA Mid-Market
314741,0,0,0,NA Mid-Market
315154,0,0,0,NA Mid-Market
315270,0,0,0,NA Mid-Market
315547,0,0,0,NA Mid-Market
315831,0,0,0,NA Mid-Market
315864,0,0,0,NA Mid-Market
315888,0,0,0,NA Mid-Market
315957,0,0,0,NA Mid-Market
316162,0,0,0,NA Mid-Market
316224,0,0,0,NA Mid-Market
316680,0,0,0,NA Mid-Market
316872,0,0,0,NA Mid-Market
317189,0,0,0,NA Mid-Market
317197,0,0,0,NA Mid-Market
317306,0,0,0,NA Mid-Market
317719,0,0,0,NA Mid-Market
317767,0,0,0,NA Mid-Market
318079,0,0,0,NA Mid-Market
318082,0,0,0,NA Mid-Market
318157,0,0,0,NA Mid-Market
318181,0,0,0,NA Mid-Market
318250,0,0,0,NA Mid-Market
318252,0,0,0,NA Mid-Market
318533,0,0,0,NA Mid-Market
318549,0,0,0,NA Mid-Market
318552,0,0,0,NA Mid-Market
318886,0,0,0,NA Mid-Market
318994,0,0,0,NA Mid-Market
319012,0,0,0,NA Mid-Market
319079,0,0,0,NA Mid-Market
319136,0,0,0,NA Mid-Market
319180,0,0,0,NA Mid-Market
319248,0,0,0,NA Mid-Market
319260,0,0,0,NA Mid-Market
319298,0,0,0,NA Mid-Market
319369,0,0,0,NA Mid-Market
319514,0,0,0,NA Mid-Market
319661,0,0,0,NA Mid-Market
319745,0,0,0,NA Mid-Market
319857,48648.98,30133.38,18515.6,NA Mid-Market
319985,0,0,0,NA Mid-Market
320113,0,0,0,NA Mid-Market
320356,0,0,0,NA Mid-Market
320572,0,0,0,NA Mid-Market
320574,0,0,0,NA Mid-Market
320769,0,0,0,NA Mid-Market
320773,0,0,0,NA Mid-Market
321093,0,0,0,NA Mid-Market
321139,0,0,0,NA Mid-Market
321179,0,0,0,NA Mid-Market
321192,0,0,0,NA Mid-Market
321426,0,0,0,NA Mid-Market
321703,0,0,0,NA Mid-Market
322547,0,0,0,NA Mid-Market
322573,0,0,0,NA Mid-Market
322591,0,0,0,NA Mid-Market
322610,1000,1000,0,NA Mid-Market
322702,0,0,0,NA Mid-Market
322743,0,0,0,NA Mid-Market
322938,0,0,0,NA Mid-Market
323484,6000,6000,0,NA Mid-Market
323492,0,0,0,NA Mid-Market
324187,0,0,0,NA Mid-Market
324308,0,0,0,NA Mid-Market
324540,0,0,0,NA Mid-Market
324669,0,0,0,NA Mid-Market
324764,0,0,0,NA Mid-Market
325035,0,0,0,NA Mid-Market
325303,0,0,0,NA Mid-Market
325543,0,0,0,NA Mid-Market
325657,0,0,0,NA Mid-Market
325728,0,0,0,NA Mid-Market
325927,0,0,0,NA Mid-Market
325935,0,0,0,NA Mid-Market
326109,0,0,0,NA Mid-Market
326466,0,0,0,NA Mid-Market
326515,0,0,0,NA Mid-Market
326990,0,0,0,NA Mid-Market
326993,0,0,0,NA Mid-Market
327193,0,0,0,NA Mid-Market
327292,0,0,0,NA Mid-Market
327629,0,0,0,NA Mid-Market
327660,0,0,0,NA Mid-Market
327729,0,0,0,NA Mid-Market
328109,0,0,0,NA Mid-Market
328390,0,0,0,NA Mid-Market
328558,0,0,0,NA Mid-Market
328737,0,0,0,NA Mid-Market
329129,0,0,0,NA Mid-Market
329233,0,0,0,NA Mid-Market
329325,0,0,0,NA Mid-Market
329374,0,0,0,NA Mid-Market
329546,0,0,0,NA Mid-Market
329757,0,0,0,NA Mid-Market
329765,30313.38,20379.39,9933.99,NA Mid-Market
329903,0,0,0,NA Mid-Market
330172,0,0,0,NA Mid-Market
330790,0,0,0,NA Mid-Market
330882,0,0,0,NA Mid-Market
330931,0,0,0,NA Mid-Market
331071,0,0,0,NA Mid-Market
331224,0,0,0,NA Mid-Market
331262,0,0,0,NA Mid-Market
331686,0,0,0,NA Mid-Market
331901,0,0,0,NA Mid-Market
331950,0,0,0,NA Mid-Market
332412,0,0,0,NA Mid-Market
332673,0,0,0,NA Mid-Market
332827,0,0,0,NA Mid-Market
333061,0,0,0,NA Mid-Market
333294,0,0,0,NA Mid-Market
333428,0,0,0,NA Mid-Market
333430,0,0,0,NA Mid-Market
333431,0,0,0,NA Mid-Market
333991,0,0,0,NA Mid-Market
334083,0,0,0,NA Mid-Market
334099,0,0,0,NA Mid-Market
334125,0,0,0,NA Mid-Market
334803,0,0,0,NA Mid-Market
334834,0,0,0,NA Mid-Market
334972,0,0,0,NA Mid-Market
335046,0,0,0,NA Mid-Market
335129,0,0,0,NA Mid-Market
335507,0,0,0,NA Mid-Market
335558,0,0,0,NA Mid-Market
335623,0,0,0,NA Mid-Market
335700,0,0,0,NA Mid-Market
335885,0,0,0,NA Mid-Market
337119,0,0,0,NA Mid-Market
337224,0,0,0,NA Mid-Market
337336,0,0,0,NA Mid-Market
338608,0,0,0,NA Mid-Market
338615,0,0,0,NA Mid-Market
338812,0,0,0,NA Mid-Market
338873,0,0,0,NA Mid-Market
338938,0,0,0,NA Mid-Market
338996,0,0,0,NA Mid-Market
338997,0,0,0,NA Mid-Market
339545,0,0,0,NA Mid-Market
339617,0,0,0,NA Mid-Market
339786,0,0,0,NA Mid-Market
341767,0,0,0,NA Mid-Market
342229,0,0,0,NA Mid-Market
342308,0,0,0,NA Mid-Market
342481,0,0,0,NA Mid-Market
342500,0,0,0,NA Mid-Market
342946,0,0,0,NA Mid-Market
342956,0,0,0,NA Mid-Market
343032,0,0,0,NA Mid-Market
343188,0,0,0,NA Mid-Market
343216,0,0,0,NA Mid-Market
343250,0,0,0,NA Mid-Market
343466,0,0,0,NA Mid-Market
343475,0,0,0,NA Mid-Market
343688,0,0,0,NA Mid-Market
343738,0,0,0,NA Mid-Market
343750,0,0,0,NA Mid-Market
343932,0,0,0,NA Mid-Market
343987,0,0,0,NA Mid-Market
344129,0,0,0,NA Mid-Market
344142,0,0,0,NA Mid-Market
344146,0,0,0,NA Mid-Market
344159,0,0,0,NA Mid-Market
344382,0,0,0,NA Mid-Market
344384,4730,0,4730,NA Mid-Market
344421,0,0,0,NA Mid-Market
344440,0,0,0,NA Mid-Market
344464,0,0,0,NA Mid-Market
344638,0,0,0,NA Mid-Market
344663,0,0,0,NA Mid-Market
344688,0,0,0,NA Mid-Market
344860,0,0,0,NA Mid-Market
344922,0,0,0,NA Mid-Market
345414,0,0,0,NA Mid-Market
345421,0,0,0,NA Mid-Market
345450,0,0,0,NA Mid-Market
345603,104163.47,90917.77,13245.7,NA Mid-Market
345907,13819.25,9535.55,4283.7,NA Mid-Market
346075,0,0,0,NA Mid-Market
346452,0,0,0,NA Mid-Market
346535,0,0,0,NA Mid-Market
346871,0,0,0,NA Mid-Market
347073,0,0,0,NA Mid-Market
347221,0,0,0,NA Mid-Market
347253,0,0,0,NA Mid-Market
347307,0,0,0,NA Mid-Market
348100,0,0,0,NA Mid-Market
348405,0,0,0,NA Mid-Market
348426,22231.46,17032.46,5199,NA Mid-Market
348443,0,0,0,NA Mid-Market
348456,0,0,0,NA Mid-Market
348566,0,0,0,NA Mid-Market
349056,0,0,0,NA Mid-Market
349236,0,0,0,NA Mid-Market
350588,0,0,0,NA Mid-Market
350652,0,0,0,NA Mid-Market
350761,5812.46,2345,3467.46,NA Mid-Market
351015,0,0,0,NA Mid-Market
351196,1630,1630,0,NA Mid-Market
351246,0,0,0,NA Mid-Market
351308,0,0,0,NA Mid-Market
351348,3040,1450,1590,NA Mid-Market
351433,0,0,0,NA Mid-Market
351614,0,0,0,NA Mid-Market
351798,0,0,0,NA Mid-Market
352296,0,0,0,NA Mid-Market
352510,0,0,0,NA Mid-Market
353233,0,0,0,NA Mid-Market
353426,0,0,0,NA Mid-Market
353839,0,0,0,NA Mid-Market
353904,0,0,0,NA Mid-Market
353978,0,0,0,NA Mid-Market
355210,0,0,0,NA Mid-Market
355234,0,0,0,NA Mid-Market
355370,0,0,0,NA Mid-Market
355598,0,0,0,NA Mid-Market
355682,0,0,0,NA Mid-Market
355991,0,0,0,NA Mid-Market
356045,0,0,0,NA Mid-Market
356114,0,0,0,NA Mid-Market
356347,0,0,0,NA Mid-Market
356451,0,0,0,NA Mid-Market
356917,22050,20125,1925,NA Mid-Market
357178,0,0,0,NA Mid-Market
357810,0,0,0,NA Mid-Market
358195,0,0,0,NA Mid-Market
358675,59590.79,28313.43,31277.36,NA Mid-Market
359574,0,0,0,NA Mid-Market
359729,0,0,0,NA Mid-Market
360098,0,0,0,NA Mid-Market
360388,0,0,0,NA Mid-Market
360494,0,0,0,NA Mid-Market
360686,0,0,0,NA Mid-Market
360761,0,0,0,NA Mid-Market
360778,0,0,0,NA Mid-Market
360821,0,0,0,NA Mid-Market
360983,0,0,0,NA Mid-Market
360985,0,0,0,NA Mid-Market
361310,24914.2,23818.35,1095.85,NA Mid-Market
361313,0,0,0,NA Mid-Market
361390,0,0,0,NA Mid-Market
361732,0,0,0,NA Mid-Market
361868,0,0,0,NA Mid-Market
361970,0,0,0,NA Mid-Market
362179,6665,6665,0,NA Mid-Market
362227,0,0,0,NA Mid-Market
362369,0,0,0,NA Mid-Market
362429,0,0,0,NA Mid-Market
362453,0,0,0,NA Mid-Market
363374,0,0,0,NA Mid-Market
363963,0,0,0,NA Mid-Market
364076,0,0,0,NA Mid-Market
364404,0,0,0,NA Mid-Market
364697,0,0,0,NA Mid-Market
364862,0,0,0,NA Mid-Market
364936,0,0,0,NA Mid-Market
365058,0,0,0,NA Mid-Market
365554,0,0,0,NA Mid-Market
365923,395,0,395,NA Mid-Market
366067,0,0,0,NA Mid-Market
366069,0,0,0,NA Mid-Market
367392,0,0,0,NA Mid-Market
367722,0,0,0,NA Mid-Market
368270,0,0,0,NA Mid-Market
369572,0,0,0,NA Mid-Market
369623,0,0,0,NA Mid-Market
369810,0,0,0,NA Mid-Market
369935,0,0,0,NA Mid-Market
371676,-2154.65,-2154.65,0,NA Mid-Market
371688,0,0,0,NA Mid-Market
371752,0,0,0,NA Mid-Market
372131,0,0,0,NA Mid-Market
372222,0,0,0,NA Mid-Market
372250,0,0,0,NA Mid-Market
372636,0,0,0,NA Mid-Market
373184,0,0,0,NA Mid-Market
373527,4237.21,4237.21,0,NA Mid-Market
373790,0,0,0,NA Mid-Market
374463,0,0,0,NA Mid-Market
376148,0,0,0,NA Mid-Market
376749,0,0,0,NA Mid-Market
376756,0,0,0,NA Mid-Market
377183,0,0,0,NA Mid-Market
377384,0,0,0,NA Mid-Market
377920,0,0,0,NA Mid-Market
377971,295,295,0,NA Mid-Market
378464,0,0,0,NA Mid-Market
378465,0,0,0,NA Mid-Market
378468,0,0,0,NA Mid-Market
378695,0,0,0,NA Mid-Market
378778,65565.83,32950.59,32615.24,NA Mid-Market
378811,0,0,0,NA Mid-Market
378912,49548,49548,0,NA Mid-Market
378918,391050,288750,102300,NA Mid-Market
379045,0,0,0,NA Mid-Market
379165,0,0,0,NA Mid-Market
379184,0,0,0,NA Mid-Market
379576,0,0,0,NA Mid-Market
379730,19167.7,14167.42,5000.28,NA Mid-Market
380268,0,0,0,NA Mid-Market
380282,0,0,0,NA Mid-Market
380291,0,0,0,NA Mid-Market
380439,0,0,0,NA Mid-Market
381409,0,0,0,NA Mid-Market
381879,0,0,0,NA Mid-Market
381992,0,0,0,NA Mid-Market
382554,0,0,0,NA Mid-Market
382824,0,0,0,NA Mid-Market
382859,0,0,0,NA Mid-Market
382949,0,0,0,NA Mid-Market
383185,0,0,0,NA Mid-Market
383460,0,0,0,NA Mid-Market
383632,21165,12890,8275,NA Mid-Market
383918,0,0,0,NA Mid-Market
384447,0,0,0,NA Mid-Market
384543,0,0,0,NA Mid-Market
384576,0,0,0,NA Mid-Market
384663,0,0,0,NA Mid-Market
384667,0,0,0,NA Mid-Market
385052,0,0,0,NA Mid-Market
385062,0,0,0,NA Mid-Market
385405,0,0,0,NA Mid-Market
385640,0,0,0,NA Mid-Market
385994,0,0,0,NA Mid-Market
386006,0,0,0,NA Mid-Market
386012,5112.88,5112.88,0,NA Mid-Market
386018,0,0,0,NA Mid-Market
387456,0,0,0,NA Mid-Market
387603,0,0,0,NA Mid-Market
387721,7245,7245,0,NA Mid-Market
387833,0,0,0,NA Mid-Market
387876,0,0,0,NA Mid-Market
388014,0,0,0,NA Mid-Market
389554,0,0,0,NA Mid-Market
389626,0,0,0,NA Mid-Market
389662,0,0,0,NA Mid-Market
389684,28070,0,28070,NA Mid-Market
389952,0,0,0,NA Mid-Market
390082,0,0,0,NA Mid-Market
390337,0,0,0,NA Mid-Market
390468,2895,2895,0,NA Mid-Market
390526,0,0,0,NA Mid-Market
390580,0,0,0,NA Mid-Market
390607,0,0,0,NA Mid-Market
390617,79615,55615,24000,NA Mid-Market
390709,0,0,0,NA Mid-Market
390865,0,0,0,NA Mid-Market
390871,790,790,0,NA Mid-Market
390939,0,0,0,NA Mid-Market
390940,0,0,0,NA Mid-Market
390995,0,0,0,NA Mid-Market
390998,0,0,0,NA Mid-Market
390999,0,0,0,NA Mid-Market
391001,0,0,0,NA Mid-Market
391003,0,0,0,NA Mid-Market
391005,0,0,0,NA Mid-Market
391007,0,0,0,NA Mid-Market
391008,0,0,0,NA Mid-Market
391009,0,0,0,NA Mid-Market
391011,0,0,0,NA Mid-Market
391012,0,0,0,NA Mid-Market
391072,0,0,0,NA Mid-Market
391077,0,0,0,NA Mid-Market
391078,0,0,0,NA Mid-Market
391080,0,0,0,NA Mid-Market
391128,0,0,0,NA Mid-Market
391787,0,0,0,NA Mid-Market
392235,0,0,0,NA Mid-Market
392524,0,0,0,NA Mid-Market
393062,0,0,0,NA Mid-Market
393319,22607.78,15131.18,7476.6,NA Mid-Market
393331,0,0,0,NA Mid-Market
393538,0,0,0,NA Mid-Market
393665,0,0,0,NA Mid-Market
393753,0,0,0,NA Mid-Market
393846,0,0,0,NA Mid-Market
394139,0,0,0,NA Mid-Market
395033,0,0,0,NA Mid-Market
395073,0,0,0,NA Mid-Market
395294,3460.75,3460.75,0,NA Mid-Market
395666,0,0,0,NA Mid-Market
395889,0,0,0,NA Mid-Market
395906,0,0,0,NA Mid-Market
395946,0,0,0,NA Mid-Market
396050,0,0,0,NA Mid-Market
396073,7160,7160,0,NA Mid-Market
396554,0,0,0,NA Mid-Market
396710,9370.68,9370.68,0,NA Mid-Market
396720,0,0,0,NA Mid-Market
396732,0,0,0,NA Mid-Market
396928,0,0,0,NA Mid-Market
397049,0,0,0,NA Mid-Market
397136,27206.73,22072.07,5134.66,NA Mid-Market
397137,0,0,0,NA Mid-Market
397185,0,0,0,NA Mid-Market
397362,0,0,0,NA Mid-Market
397488,0,0,0,NA Mid-Market
397588,0,0,0,NA Mid-Market
397594,0,0,0,NA Mid-Market
398203,0,0,0,NA Mid-Market
398735,0,0,0,NA Mid-Market
398901,0,0,0,NA Mid-Market
398929,0,0,0,NA Mid-Market
399367,38589,35504,3085,NA Mid-Market
399405,0,0,0,NA Mid-Market
399599,0,0,0,NA Mid-Market
400088,0,0,0,NA Mid-Market
400091,0,0,0,NA Mid-Market
400242,0,0,0,NA Mid-Market
400946,0,0,0,NA Mid-Market
401156,0,0,0,NA Mid-Market
401180,0,0,0,NA Mid-Market
401261,0,0,0,NA Mid-Market
401443,0,0,0,NA Mid-Market
401497,0,0,0,NA Mid-Market
401827,27857,17937,9920,NA Mid-Market
401891,0,0,0,NA Mid-Market
401968,0,0,0,NA Mid-Market
402203,0,0,0,NA Mid-Market
402584,0,0,0,NA Mid-Market
402678,0,0,0,NA Mid-Market
402720,0,0,0,NA Mid-Market
402881,0,0,0,NA Mid-Market
403930,0,0,0,NA Mid-Market
404343,0,0,0,NA Mid-Market
404941,0,0,0,NA Mid-Market
405489,0,0,0,NA Mid-Market
405571,0,0,0,NA Mid-Market
405959,0,0,0,NA Mid-Market
406064,0,0,0,NA Mid-Market
406194,0,0,0,NA Mid-Market
406221,0,0,0,NA Mid-Market
406611,10005,7335,2670,NA Mid-Market
406857,0,0,0,NA Mid-Market
407337,10016.44,10016.44,0,NA Mid-Market
407347,0,0,0,NA Mid-Market
407423,0,0,0,NA Mid-Market
407516,0,0,0,NA Mid-Market
407620,0,0,0,NA Mid-Market
407669,0,0,0,NA Mid-Market
407754,0,0,0,NA Mid-Market
408041,0,0,0,NA Mid-Market
408047,0,0,0,NA Mid-Market
408742,0,0,0,NA Mid-Market
408909,0,0,0,NA Mid-Market
409024,0,0,0,NA Mid-Market
409089,0,0,0,NA Mid-Market
409456,0,0,0,NA Mid-Market
409559,0,0,0,NA Mid-Market
409802,0,0,0,NA Mid-Market
410142,0,0,0,NA Mid-Market
410268,0,0,0,NA Mid-Market
410281,0,0,0,NA Mid-Market
410308,2226.21,500,1726.21,NA Mid-Market
410465,0,0,0,NA Mid-Market
410467,0,0,0,NA Mid-Market
410531,0,0,0,NA Mid-Market
410788,0,0,0,NA Mid-Market
411061,0,0,0,NA Mid-Market
411539,0,0,0,NA Mid-Market
411624,0,0,0,NA Mid-Market
411696,0,0,0,NA Mid-Market
411802,0,0,0,NA Mid-Market
411849,0,0,0,NA Mid-Market
412245,0,0,0,NA Mid-Market
412619,0,0,0,NA Mid-Market
413103,0,0,0,NA Mid-Market
413215,0,0,0,NA Mid-Market
413583,0,0,0,NA Mid-Market
413733,0,0,0,NA Mid-Market
414016,0,0,0,NA Mid-Market
414095,0,0,0,NA Mid-Market
414178,0,0,0,NA Mid-Market
414401,0,0,0,NA Mid-Market
415010,0,0,0,NA Mid-Market
415131,0,0,0,NA Mid-Market
415474,0,0,0,NA Mid-Market
415605,0,0,0,NA Mid-Market
415626,0,0,0,NA Mid-Market
415646,0,0,0,NA Mid-Market
415652,0,0,0,NA Mid-Market
415766,0,0,0,NA Mid-Market
415768,0,0,0,NA Mid-Market
416029,0,0,0,NA Mid-Market
416045,0,0,0,NA Mid-Market
416046,0,0,0,NA Mid-Market
416057,0,0,0,NA Mid-Market
416221,31741.64,5732.34,26009.3,NA Mid-Market
417064,0,0,0,NA Mid-Market
417072,0,0,0,NA Mid-Market
417469,0,0,0,NA Mid-Market
417536,0,0,0,NA Mid-Market
417790,0,0,0,NA Mid-Market
417853,0,0,0,NA Mid-Market
418095,0,0,0,NA Mid-Market
418112,0,0,0,NA Mid-Market
418308,0,0,0,NA Mid-Market
418391,0,0,0,NA Mid-Market
418689,0,0,0,NA Mid-Market
418716,0,0,0,NA Mid-Market
418766,0,0,0,NA Mid-Market
419080,0,0,0,NA Mid-Market
419384,0,0,0,NA Mid-Market
420008,0,0,0,NA Mid-Market
420052,0,0,0,NA Mid-Market
420404,0,0,0,NA Mid-Market
420405,0,0,0,NA Mid-Market
420626,0,0,0,NA Mid-Market
420744,0,0,0,NA Mid-Market
420835,0,0,0,NA Mid-Market
421049,0,0,0,NA Mid-Market
421119,0,0,0,NA Mid-Market
421137,0,0,0,NA Mid-Market
421140,0,0,0,NA Mid-Market
421277,0,0,0,NA Mid-Market
421282,0,0,0,NA Mid-Market
421346,0,0,0,NA Mid-Market
421449,0,0,0,NA Mid-Market
421450,0,0,0,NA Mid-Market
421504,0,0,0,NA Mid-Market
421582,0,0,0,NA Mid-Market
421594,0,0,0,NA Mid-Market
421595,0,0,0,NA Mid-Market
421596,0,0,0,NA Mid-Market
421738,0,0,0,NA Mid-Market
421882,0,0,0,NA Mid-Market
421970,0,0,0,NA Mid-Market
421998,0,0,0,NA Mid-Market
422011,0,0,0,NA Mid-Market
422266,0,0,0,NA Mid-Market
422347,0,0,0,NA Mid-Market
422349,0,0,0,NA Mid-Market
423015,0,0,0,NA Mid-Market
423079,0,0,0,NA Mid-Market
423161,0,0,0,NA Mid-Market
423296,0,0,0,NA Mid-Market
423358,0,0,0,NA Mid-Market
423670,0,0,0,NA Mid-Market
423696,0,0,0,NA Mid-Market
423813,0,0,0,NA Mid-Market
423850,0,0,0,NA Mid-Market
424294,0,0,0,NA Mid-Market
424308,0,0,0,NA Mid-Market
424535,0,0,0,NA Mid-Market
424734,0,0,0,NA Mid-Market
424797,10083.75,6683.75,3400,NA Mid-Market
424961,0,0,0,NA Mid-Market
425189,0,0,0,NA Mid-Market
425270,0,0,0,NA Mid-Market
425299,0,0,0,NA Mid-Market
425690,0,0,0,NA Mid-Market
425762,0,0,0,NA Mid-Market
425980,0,0,0,NA Mid-Market
426000,0,0,0,NA Mid-Market
426047,0,0,0,NA Mid-Market
427076,0,0,0,NA Mid-Market
427918,0,0,0,NA Mid-Market
428078,0,0,0,NA Mid-Market
428728,0,0,0,NA Mid-Market
428906,0,0,0,NA Mid-Market
429381,0,0,0,NA Mid-Market
429850,0,0,0,NA Mid-Market
429910,0,0,0,NA Mid-Market
430413,0,0,0,NA Mid-Market
430599,0,0,0,NA Mid-Market
430774,0,0,0,NA Mid-Market
431347,0,0,0,NA Mid-Market
432119,0,0,0,NA Mid-Market
432237,0,0,0,NA Mid-Market
432543,0,0,0,NA Mid-Market
432556,0,0,0,NA Mid-Market
432725,0,0,0,NA Mid-Market
432749,0,0,0,NA Mid-Market
432846,0,0,0,NA Mid-Market
433002,0,0,0,NA Mid-Market
433029,0,0,0,NA Mid-Market
433459,0,0,0,NA Mid-Market
433498,0,0,0,NA Mid-Market
433576,0,0,0,NA Mid-Market
434093,0,0,0,NA Mid-Market
434190,5115,5115,0,NA Mid-Market
434430,0,0,0,NA Mid-Market
434706,95665.22,68346.4,27318.82,NA Mid-Market
434882,0,0,0,NA Mid-Market
434974,0,0,0,NA Mid-Market
435144,0,0,0,NA Mid-Market
435396,0,0,0,NA Mid-Market
435492,0,0,0,NA Mid-Market
435657,0,0,0,NA Mid-Market
436168,0,0,0,NA Mid-Market
436303,0,0,0,NA Mid-Market
436365,0,0,0,NA Mid-Market
436418,790,790,0,NA Mid-Market
436424,0,0,0,NA Mid-Market
436628,0,0,0,NA Mid-Market
436725,0,0,0,NA Mid-Market
436743,0,0,0,NA Mid-Market
436770,12349.58,3490.91,8858.67,NA Mid-Market
436843,21600,21600,0,NA Mid-Market
436866,0,0,0,NA Mid-Market
436905,0,0,0,NA Mid-Market
437050,0,0,0,NA Mid-Market
437303,0,0,0,NA Mid-Market
437320,0,0,0,NA Mid-Market
437569,0,0,0,NA Mid-Market
437686,0,0,0,NA Mid-Market
437756,0,0,0,NA Mid-Market
437903,5721.8,0,5721.8,NA Mid-Market
438023,0,0,0,NA Mid-Market
438077,0,0,0,NA Mid-Market
438169,0,0,0,NA Mid-Market
438190,0,0,0,NA Mid-Market
438203,0,0,0,NA Mid-Market
438216,-2161.51,-2161.51,0,NA Mid-Market
438480,20272.5,20272.5,0,NA Mid-Market
438605,0,0,0,NA Mid-Market
438727,0,0,0,NA Mid-Market
438887,0,0,0,NA Mid-Market
439206,0,0,0,NA Mid-Market
439742,0,0,0,NA Mid-Market
439786,0,0,0,NA Mid-Market
439990,0,0,0,NA Mid-Market
439993,0,0,0,NA Mid-Market
440063,0,0,0,NA Mid-Market
440068,0,0,0,NA Mid-Market
440101,0,0,0,NA Mid-Market
440119,0,0,0,NA Mid-Market
440313,0,0,0,NA Mid-Market
440366,0,0,0,NA Mid-Market
440473,0,0,0,NA Mid-Market
440796,0,0,0,NA Mid-Market
441008,0,0,0,NA Mid-Market
441043,0,0,0,NA Mid-Market
441079,0,0,0,NA Mid-Market
441186,0,0,0,NA Mid-Market
441437,0,0,0,NA Mid-Market
446839,0,0,0,NA Mid-Market
446844,0,0,0,NA Mid-Market
447487,0,0,0,NA Mid-Market
447704,0,0,0,NA Mid-Market
447764,0,0,0,NA Mid-Market
447804,0,0,0,NA Mid-Market
447875,0,0,0,NA Mid-Market
447930,0,0,0,NA Mid-Market
447955,0,0,0,NA Mid-Market
448065,0,0,0,NA Mid-Market
448193,0,0,0,NA Mid-Market
448212,0,0,0,NA Mid-Market
448228,0,0,0,NA Mid-Market
448269,0,0,0,NA Mid-Market
448386,0,0,0,NA Mid-Market
448572,0,0,0,NA Mid-Market
448573,0,0,0,NA Mid-Market
448666,0,0,0,NA Mid-Market
448913,0,0,0,NA Mid-Market
448981,0,0,0,NA Mid-Market
448982,0,0,0,NA Mid-Market
449152,0,0,0,NA Mid-Market
449153,0,0,0,NA Mid-Market
449193,0,0,0,NA Mid-Market
449433,0,0,0,NA Mid-Market
449470,0,0,0,NA Mid-Market
449519,0,0,0,NA Mid-Market
449540,0,0,0,NA Mid-Market
449543,0,0,0,NA Mid-Market
449591,0,0,0,NA Mid-Market
449799,0,0,0,NA Mid-Market
449856,0,0,0,NA Mid-Market
449993,0,0,0,NA Mid-Market
450157,0,0,0,NA Mid-Market
450198,0,0,0,NA Mid-Market
450276,0,0,0,NA Mid-Market
450387,0,0,0,NA Mid-Market
450434,0,0,0,NA Mid-Market
450486,8175,8175,0,NA Mid-Market
450714,10301.08,8906.08,1395,NA Mid-Market
450715,0,0,0,NA Mid-Market
450957,0,0,0,NA Mid-Market
450962,0,0,0,NA Mid-Market
451029,0,0,0,NA Mid-Market
451080,0,0,0,NA Mid-Market
451213,0,0,0,NA Mid-Market
451425,0,0,0,NA Mid-Market
451647,0,0,0,NA Mid-Market
451699,0,0,0,NA Mid-Market
451721,0,0,0,NA Mid-Market
451743,0,0,0,NA Mid-Market
451748,0,0,0,NA Mid-Market
451814,0,0,0,NA Mid-Market
452174,0,0,0,NA Mid-Market
452175,0,0,0,NA Mid-Market
452252,0,0,0,NA Mid-Market
452296,0,0,0,NA Mid-Market
452886,0,0,0,NA Mid-Market
452923,0,0,0,NA Mid-Market
452925,0,0,0,NA Mid-Market
453955,0,0,0,NA Mid-Market
454815,0,0,0,NA Mid-Market
456001,0,0,0,NA Mid-Market
456002,0,0,0,NA Mid-Market
456006,0,0,0,NA Mid-Market
456590,0,0,0,NA Mid-Market
456607,0,0,0,NA Mid-Market
456608,0,0,0,NA Mid-Market
456713,0,0,0,NA Mid-Market
456996,0,0,0,NA Mid-Market
457053,0,0,0,NA Mid-Market
457107,5950,5950,0,NA Mid-Market
457200,0,0,0,NA Mid-Market
457231,0,0,0,NA Mid-Market
457233,0,0,0,NA Mid-Market
457236,0,0,0,NA Mid-Market
457399,0,0,0,NA Mid-Market
457404,0,0,0,NA Mid-Market
457423,0,0,0,NA Mid-Market
457563,0,0,0,NA Mid-Market
457763,0,0,0,NA Mid-Market
457819,0,0,0,NA Mid-Market
458592,0,0,0,NA Mid-Market
458660,0,0,0,NA Mid-Market
458757,395,0,395,NA Mid-Market
458931,0,0,0,NA Mid-Market
458942,0,0,0,NA Mid-Market
458973,136192.8,100060,36132.8,NA Mid-Market
459129,6540,6540,0,NA Mid-Market
459191,0,0,0,NA Mid-Market
461536,0,0,0,NA Mid-Market
462792,0,0,0,NA Mid-Market
462793,0,0,0,NA Mid-Market
462880,0,0,0,NA Mid-Market
462895,0,0,0,NA Mid-Market
462956,0,0,0,NA Mid-Market
464136,0,0,0,NA Mid-Market
464140,0,0,0,NA Mid-Market
464289,0,0,0,NA Mid-Market
464571,0,0,0,NA Mid-Market
464601,0,0,0,NA Mid-Market
464612,0,0,0,NA Mid-Market
464774,0,0,0,NA Mid-Market
464963,0,0,0,NA Mid-Market
465231,0,0,0,NA Mid-Market
465445,0,0,0,NA Mid-Market
465558,0,0,0,NA Mid-Market
465805,0,0,0,NA Mid-Market
465835,0,0,0,NA Mid-Market
466173,0,0,0,NA Mid-Market
466203,0,0,0,NA Mid-Market
466296,0,0,0,NA Mid-Market
466298,0,0,0,NA Mid-Market
466433,0,0,0,NA Mid-Market
466582,0,0,0,NA Mid-Market
466634,0,0,0,NA Mid-Market
466833,0,0,0,NA Mid-Market
466842,0,0,0,NA Mid-Market
466845,0,0,0,NA Mid-Market
466907,0,0,0,NA Mid-Market
467268,0,0,0,NA Mid-Market
467308,0,0,0,NA Mid-Market
467334,0,0,0,NA Mid-Market
467338,0,0,0,NA Mid-Market
467356,0,0,0,NA Mid-Market
468056,0,0,0,NA Mid-Market
468069,0,0,0,NA Mid-Market
468228,0,0,0,NA Mid-Market
468291,0,0,0,NA Mid-Market
468422,0,0,0,NA Mid-Market
468475,0,0,0,NA Mid-Market
468601,0,0,0,NA Mid-Market
468630,0,0,0,NA Mid-Market
468698,0,0,0,NA Mid-Market
468699,0,0,0,NA Mid-Market
468700,0,0,0,NA Mid-Market
468701,0,0,0,NA Mid-Market
468702,0,0,0,NA Mid-Market
468703,0,0,0,NA Mid-Market
468725,0,0,0,NA Mid-Market
468726,0,0,0,NA Mid-Market
468780,0,0,0,NA Mid-Market
468791,0,0,0,NA Mid-Market
468793,0,0,0,NA Mid-Market
468828,0,0,0,NA Mid-Market
468832,128493.85,82986.73,45507.12,NA Mid-Market
468858,0,0,0,NA Mid-Market
468865,0,0,0,NA Mid-Market
468892,0,0,0,NA Mid-Market
468893,0,0,0,NA Mid-Market
468965,0,0,0,NA Mid-Market
468983,0,0,0,NA Mid-Market
469017,0,0,0,NA Mid-Market
469043,0,0,0,NA Mid-Market
469090,0,0,0,NA Mid-Market
469122,0,0,0,NA Mid-Market
469352,11415,7455,3960,NA Mid-Market
469354,0,0,0,NA Mid-Market
469396,0,0,0,NA Mid-Market
469600,0,0,0,NA Mid-Market
469694,0,0,0,NA Mid-Market
469732,0,0,0,NA Mid-Market
469803,0,0,0,NA Mid-Market
469825,0,0,0,NA Mid-Market
469830,0,0,0,NA Mid-Market
469956,0,0,0,NA Mid-Market
469970,0,0,0,NA Mid-Market
469972,0,0,0,NA Mid-Market
470036,0,0,0,NA Mid-Market
470073,35510.33,24827.24,10683.09,NA Mid-Market
470131,0,0,0,NA Mid-Market
470163,0,0,0,NA Mid-Market
470373,8175,8175,0,NA Mid-Market
470464,0,0,0,NA Mid-Market
470466,0,0,0,NA Mid-Market
470467,0,0,0,NA Mid-Market
470552,0,0,0,NA Mid-Market
470599,0,0,0,NA Mid-Market
470872,0,0,0,NA Mid-Market
471087,0,0,0,NA Mid-Market
471205,0,0,0,NA Mid-Market
471325,0,0,0,NA Mid-Market
471331,0,0,0,NA Mid-Market
471509,0,0,0,NA Mid-Market
471516,0,0,0,NA Mid-Market
471595,0,0,0,NA Mid-Market
472173,0,0,0,NA Mid-Market
472181,0,0,0,NA Mid-Market
472210,22724.93,22724.93,0,NA Mid-Market
472249,0,0,0,NA Mid-Market
472335,0,0,0,NA Mid-Market
472538,0,0,0,NA Mid-Market
472771,0,0,0,NA Mid-Market
472775,22504.52,0,22504.52,NA Mid-Market
472810,0,0,0,NA Mid-Market
473154,26291.09,26550.9,-259.81,NA Mid-Market
473157,0,0,0,NA Mid-Market
473465,14875,10230,4645,NA Mid-Market
473621,0,0,0,NA Mid-Market
473682,0,0,0,NA Mid-Market
473757,0,0,0,NA Mid-Market
473780,0,0,0,NA Mid-Market
473820,0,0,0,NA Mid-Market
473822,0,0,0,NA Mid-Market
473826,0,0,0,NA Mid-Market
473849,0,0,0,NA Mid-Market
473853,0,0,0,NA Mid-Market
473867,0,0,0,NA Mid-Market
473934,0,0,0,NA Mid-Market
473942,0,0,0,NA Mid-Market
474033,0,0,0,NA Mid-Market
474167,0,0,0,NA Mid-Market
474171,0,0,0,NA Mid-Market
474208,0,0,0,NA Mid-Market
474245,0,0,0,NA Mid-Market
474305,0,0,0,NA Mid-Market
474439,0,0,0,NA Mid-Market
474587,0,0,0,NA Mid-Market
474592,0,0,0,NA Mid-Market
474830,0,0,0,NA Mid-Market
474834,0,0,0,NA Mid-Market
475337,0,0,0,NA Mid-Market
475466,0,0,0,NA Mid-Market
475469,0,0,0,NA Mid-Market
475481,0,0,0,NA Mid-Market
475512,0,0,0,NA Mid-Market
475520,29916,28684,1232,NA Mid-Market
475593,0,0,0,NA Mid-Market
475694,0,0,0,NA Mid-Market
475784,0,0,0,NA Mid-Market
475870,0,0,0,NA Mid-Market
475910,0,0,0,NA Mid-Market
475987,0,0,0,NA Mid-Market
476091,0,0,0,NA Mid-Market
476158,0,0,0,NA Mid-Market
476159,0,0,0,NA Mid-Market
476234,1100,0,1100,NA Mid-Market
476271,0,0,0,NA Mid-Market
476471,0,0,0,NA Mid-Market
476569,0,0,0,NA Mid-Market
476571,0,0,0,NA Mid-Market
476597,0,0,0,NA Mid-Market
476987,0,0,0,NA Mid-Market
477162,0,0,0,NA Mid-Market
477290,0,0,0,NA Mid-Market
477340,18455,18455,0,NA Mid-Market
477479,0,0,0,NA Mid-Market
477515,0,0,0,NA Mid-Market
477593,395,395,0,NA Mid-Market
477624,0,0,0,NA Mid-Market
477736,9540,9540,0,NA Mid-Market
477739,0,0,0,NA Mid-Market
477761,0,0,0,NA Mid-Market
477785,0,0,0,NA Mid-Market
477788,0,0,0,NA Mid-Market
477836,0,0,0,NA Mid-Market
478111,57520,50340,7180,NA Mid-Market
478142,0,0,0,NA Mid-Market
478169,0,0,0,NA Mid-Market
478270,0,0,0,NA Mid-Market
478283,0,0,0,NA Mid-Market
478287,0,0,0,NA Mid-Market
478299,0,0,0,NA Mid-Market
478373,0,0,0,NA Mid-Market
478504,0,0,0,NA Mid-Market
478533,0,0,0,NA Mid-Market
478696,0,0,0,NA Mid-Market
478730,0,0,0,NA Mid-Market
478760,0,0,0,NA Mid-Market
478928,0,0,0,NA Mid-Market
479118,0,0,0,NA Mid-Market
479122,0,0,0,NA Mid-Market
479183,0,0,0,NA Mid-Market
479189,0,0,0,NA Mid-Market
479253,0,0,0,NA Mid-Market
479261,0,0,0,NA Mid-Market
479306,0,0,0,NA Mid-Market
479319,0,0,0,NA Mid-Market
479381,0,0,0,NA Mid-Market
479382,0,0,0,NA Mid-Market
479388,0,0,0,NA Mid-Market
479393,0,0,0,NA Mid-Market
479464,18703.47,18703.47,0,NA Mid-Market
479512,0,0,0,NA Mid-Market
479597,0,0,0,NA Mid-Market
479670,0,0,0,NA Mid-Market
479672,0,0,0,NA Mid-Market
479690,0,0,0,NA Mid-Market
479718,0,0,0,NA Mid-Market
479719,0,0,0,NA Mid-Market
479742,0,0,0,NA Mid-Market
479852,0,0,0,NA Mid-Market
479870,0,0,0,NA Mid-Market
479881,0,0,0,NA Mid-Market
479886,0,0,0,NA Mid-Market
479913,0,0,0,NA Mid-Market
479917,0,0,0,NA Mid-Market
479952,0,0,0,NA Mid-Market
480477,0,0,0,NA Mid-Market
480479,0,0,0,NA Mid-Market
480498,0,0,0,NA Mid-Market
480503,0,0,0,NA Mid-Market
480574,0,0,0,NA Mid-Market
480635,0,0,0,NA Mid-Market
480655,0,0,0,NA Mid-Market
480717,0,0,0,NA Mid-Market
480822,0,0,0,NA Mid-Market
480837,0,0,0,NA Mid-Market
480890,0,0,0,NA Mid-Market
480893,0,0,0,NA Mid-Market
481051,8720,8720,0,NA Mid-Market
481104,0,0,0,NA Mid-Market
481155,0,0,0,NA Mid-Market
481156,0,0,0,NA Mid-Market
481203,0,0,0,NA Mid-Market
481230,0,0,0,NA Mid-Market
481300,0,0,0,NA Mid-Market
481358,0,0,0,NA Mid-Market
481458,0,0,0,NA Mid-Market
481534,0,0,0,NA Mid-Market
481622,0,0,0,NA Mid-Market
481624,0,0,0,NA Mid-Market
481700,0,0,0,NA Mid-Market
481703,0,0,0,NA Mid-Market
481704,0,0,0,NA Mid-Market
481858,0,0,0,NA Mid-Market
481863,0,0,0,NA Mid-Market
481864,0,0,0,NA Mid-Market
482407,0,0,0,NA Mid-Market
482409,0,0,0,NA Mid-Market
482552,0,0,0,NA Mid-Market
482578,0,0,0,NA Mid-Market
482749,0,0,0,NA Mid-Market
482773,0,0,0,NA Mid-Market
482777,0,0,0,NA Mid-Market
482858,0,0,0,NA Mid-Market
482876,0,0,0,NA Mid-Market
482893,0,0,0,NA Mid-Market
482902,0,0,0,NA Mid-Market
482951,0,0,0,NA Mid-Market
482952,0,0,0,NA Mid-Market
483275,0,0,0,NA Mid-Market
483276,0,0,0,NA Mid-Market
483366,0,0,0,NA Mid-Market
483426,0,0,0,NA Mid-Market
483432,0,0,0,NA Mid-Market
483703,0,0,0,NA Mid-Market
483742,0,0,0,NA Mid-Market
483932,0,0,0,NA Mid-Market
484306,0,0,0,NA Mid-Market
484481,0,0,0,NA Mid-Market
484512,0,0,0,NA Mid-Market
484724,0,0,0,NA Mid-Market
484959,0,0,0,NA Mid-Market
484968,0,0,0,NA Mid-Market
485027,0,0,0,NA Mid-Market
485080,0,0,0,NA Mid-Market
485119,0,0,0,NA Mid-Market
489995,0,0,0,NA Mid-Market
491090,0,0,0,NA Mid-Market
491093,0,0,0,NA Mid-Market
491099,0,0,0,NA Mid-Market
491131,0,0,0,NA Mid-Market
491139,0,0,0,NA Mid-Market
492016,0,0,0,NA Mid-Market
492019,0,0,0,NA Mid-Market
492129,0,0,0,NA Mid-Market
492277,0,0,0,NA Mid-Market
492314,0,0,0,NA Mid-Market
492404,0,0,0,NA Mid-Market
492456,0,0,0,NA Mid-Market
492571,0,0,0,NA Mid-Market
492595,0,0,0,NA Mid-Market
492636,0,0,0,NA Mid-Market
492712,0,0,0,NA Mid-Market
492818,0,0,0,NA Mid-Market
492828,0,0,0,NA Mid-Market
492901,0,0,0,NA Mid-Market
492976,0,0,0,NA Mid-Market
493086,0,0,0,NA Mid-Market
493110,0,0,0,NA Mid-Market
493111,0,0,0,NA Mid-Market
493116,0,0,0,NA Mid-Market
493276,0,0,0,NA Mid-Market
493366,0,0,0,NA Mid-Market
493369,0,0,0,NA Mid-Market
493384,0,0,0,NA Mid-Market
493389,9609.44,9609.44,0,NA Mid-Market
493393,0,0,0,NA Mid-Market
493444,0,0,0,NA Mid-Market
493463,0,0,0,NA Mid-Market
493549,0,0,0,NA Mid-Market
493551,0,0,0,NA Mid-Market
493558,0,0,0,NA Mid-Market
493771,0,0,0,NA Mid-Market
493813,0,0,0,NA Mid-Market
493836,0,0,0,NA Mid-Market
494035,0,0,0,NA Mid-Market
494054,0,0,0,NA Mid-Market
494093,0,0,0,NA Mid-Market
494100,0,0,0,NA Mid-Market
494108,0,0,0,NA Mid-Market
494306,0,0,0,NA Mid-Market
494391,0,0,0,NA Mid-Market
494480,0,0,0,NA Mid-Market
494507,0,0,0,NA Mid-Market
494572,0,0,0,NA Mid-Market
494619,0,0,0,NA Mid-Market
494661,0,0,0,NA Mid-Market
494681,0,0,0,NA Mid-Market
494704,0,0,0,NA Mid-Market
494705,0,0,0,NA Mid-Market
494735,0,0,0,NA Mid-Market
494799,0,0,0,NA Mid-Market
494999,0,0,0,NA Mid-Market
495034,0,0,0,NA Mid-Market
495226,0,0,0,NA Mid-Market
495533,43944.8,25102.6,18842.2,NA Mid-Market
495685,0,0,0,NA Mid-Market
496039,0,0,0,NA Mid-Market
496396,0,0,0,NA Mid-Market
496783,0,0,0,NA Mid-Market
496785,0,0,0,NA Mid-Market
496821,0,0,0,NA Mid-Market
497080,0,0,0,NA Mid-Market
497116,0,0,0,NA Mid-Market
497142,0,0,0,NA Mid-Market
497262,0,0,0,NA Mid-Market
497299,0,0,0,NA Mid-Market
497401,0,0,0,NA Mid-Market
497506,0,0,0,NA Mid-Market
497540,0,0,0,NA Mid-Market
497624,0,0,0,NA Mid-Market
497665,0,0,0,NA Mid-Market
497711,39435.29,21273.84,18161.45,NA Mid-Market
497727,0,0,0,NA Mid-Market
497780,0,0,0,NA Mid-Market
497818,0,0,0,NA Mid-Market
497843,0,0,0,NA Mid-Market
497928,0,0,0,NA Mid-Market
497997,0,0,0,NA Mid-Market
498067,0,0,0,NA Mid-Market
498079,0,0,0,NA Mid-Market
498138,0,0,0,NA Mid-Market
498180,0,0,0,NA Mid-Market
498269,0,0,0,NA Mid-Market
498276,0,0,0,NA Mid-Market
498538,0,0,0,NA Mid-Market
498576,0,0,0,NA Mid-Market
498584,0,0,0,NA Mid-Market
498586,0,0,0,NA Mid-Market
498634,0,0,0,NA Mid-Market
498635,0,0,0,NA Mid-Market
498660,0,0,0,NA Mid-Market
499470,0,0,0,NA Mid-Market
499474,0,0,0,NA Mid-Market
499636,0,0,0,NA Mid-Market
499700,0,0,0,NA Mid-Market
499734,0,0,0,NA Mid-Market
499815,0,0,0,NA Mid-Market
499852,0,0,0,NA Mid-Market
499868,0,0,0,NA Mid-Market
499869,0,0,0,NA Mid-Market
499886,2862.34,0,2862.34,NA Mid-Market
499887,0,0,0,NA Mid-Market
499906,0,0,0,NA Mid-Market
500007,0,0,0,NA Mid-Market
500247,0,0,0,NA Mid-Market
500248,0,0,0,NA Mid-Market
500321,0,0,0,NA Mid-Market
500334,0,0,0,NA Mid-Market
500394,0,0,0,NA Mid-Market
500395,0,0,0,NA Mid-Market
500934,0,0,0,NA Mid-Market
500957,0,0,0,NA Mid-Market
501034,0,0,0,NA Mid-Market
501054,0,0,0,NA Mid-Market
501085,0,0,0,NA Mid-Market
501139,0,0,0,NA Mid-Market
501178,0,0,0,NA Mid-Market
501181,0,0,0,NA Mid-Market
501343,0,0,0,NA Mid-Market
501377,0,0,0,NA Mid-Market
501485,0,0,0,NA Mid-Market
501510,0,0,0,NA Mid-Market
501519,0,0,0,NA Mid-Market
501543,0,0,0,NA Mid-Market
502009,0,0,0,NA Mid-Market
502067,0,0,0,NA Mid-Market
502083,0,0,0,NA Mid-Market
502094,0,0,0,NA Mid-Market
502193,0,0,0,NA Mid-Market
502257,0,0,0,NA Mid-Market
502371,0,0,0,NA Mid-Market
502435,3457.93,4429.89,-971.96,NA Mid-Market
502501,0,0,0,NA Mid-Market
502518,0,0,0,NA Mid-Market
502615,0,0,0,NA Mid-Market
502685,0,0,0,NA Mid-Market
502697,0,0,0,NA Mid-Market
502764,0,0,0,NA Mid-Market
502866,0,0,0,NA Mid-Market
502876,404325,316500,87825,NA Mid-Market
502948,0,0,0,NA Mid-Market
503144,0,0,0,NA Mid-Market
503263,0,0,0,NA Mid-Market
503286,0,0,0,NA Mid-Market
503292,0,0,0,NA Mid-Market
503294,0,0,0,NA Mid-Market
503318,0,0,0,NA Mid-Market
503466,0,0,0,NA Mid-Market
503499,0,0,0,NA Mid-Market
503539,0,0,0,NA Mid-Market
503582,0,0,0,NA Mid-Market
503602,0,0,0,NA Mid-Market
503625,0,0,0,NA Mid-Market
503628,0,0,0,NA Mid-Market
536787,0,0,0,NA Mid-Market
536965,0,0,0,NA Mid-Market
537488,0,0,0,NA Mid-Market
537565,395,0,395,NA Mid-Market
