Respondent,Pretest,Posttest
"Abril, Lean",3,26
"Agarpao, Kae",52,81
"Arao, Jacqueline",29,79
"Ardiente, Krys",12,47
"Bajamundi, Peter",41,50
"Boter, Justine",41,71
"Chua, Arlene",77,77
"Cordovez, Dennis",69,61
"De Ungria, Kriselda",39,35
"Geronimo, Cher",10,55
"Guinto, Carlo ",15,65
"Kraft, Bryan",51,87
"Orpilla, Vergel",59,53
"Panganiban, Farrah",33,73
"Paz, Ronalyn",2,48
"Rea, Karlos",52,75
"Rillera, Bea",44,66
"Saccuan, Kristine",26,54
"san Diego, Mark",78,65
"So, Wyl Kleon",38,63
"Soto, Patrice",16,72
"Subia, Catherine",11,21
"Tabares, Jamaica",36,57
"Versales, Tin",49,83
