Respondent,Pretest,Posttest1,Posttest2
"Abril, Lean",3,42,
"Agarpao, Kae",52,99,
"Ang, Mary Katherine",13,,31
"Antonio, Mari",5,,
"Arao, Jacqueline",29,63,
"Ardiente, Krys",12,32,
"Bajamundi, Peter",41,37,
"Boter, Justine",41,65,
"Chua, Arlene",77,77,
"Cordovez, Dennis",69,69,
"De Ungria, Kriselda",39,,
"dela Cruz, Maria Buena",16,,
"Gaffud, Joel",22,,73
"Geronimo, Cher",10,,
"Guinto, Carlo ",15,30,
"Kraft, Bryan",51,59,
"Lim, Jeffrey",23,,
"Morales, Michelle",40,,
"Orpilla, Vergel",59,81,
"OT/Maniquiz, John Jason",41,,
"Panganiban, Farrah",33,23,
"Paras, Eleonor",19,,38
"Paz, Ronalyn",2,,
"Punzalan, Do0nna",8,,
"Rea, Karlos",52,59,
"Reyes, Maria Graciella",15,,47
"Rillera, Bea",44,48,
"Saccuan, Kristine",26,53,
"Salamat, Jerome",42,,55
"Salas, Emma",32,,33
"san Diego, Mark",78,69,
"So, Wyl Kleon",38,60,
"Soto, Patrice",16,58,
"Subia, Catherine",11,21,
"Tabares, Jamaica",36,70,
"Telan, Margie",49,,
"Versales, Tin",49,118,
