Name,In AFT,Pre_Q1,Post3_Q1a,Post3_Q1b,Pre_Q2,Post3_Q2a,Post3_Q2b,Pre_Q3,Post3_Q3a,Post3_Q3b,Pre_Q4,Post3_Q4a,Post3_Q4b,Pre_Q5,Post3_Q5a,Post3_Q5b,Pre_Q6,Post3_Q6a,Post3_Q6b,Pre_Q7,Post3_Q7a,Post3_Q7b
"Abril, Lean Alejandro V.",1,Agree,Neither,,Neither,Neither,,Disagree,Disagree,,Agree,Agree,,Neither,Disagree,,Disagree,Neither,,Neither,Neither,
"Agarpao, Kae S.",1,Agree,Agree,,Agree,Disagree,,Neither,Disagree,,Agree,Agree,,Neither,Disagree,,Agree,Agree,,Neither,Disagree,
"Almasol, Peterson S.",0,Agree,Agree,,Agree,Agree,,Disagree,Neither,,Agree,Agree,,Neither,Neither,,Agree,Agree,,Agree,Neither,
"Ang, Mary Katherine",1,Agree,,Agree,Agree,,Agree,Disagree,,Neither,Neither ,,Agree,Neither,,Neither,Disagree,,Disagree,Neither,,Disagree
"Arao, Jacquelyn T.",1,Agree,Agree,,Neither,Agree,,Neither,Neither,,Agree,Agree,,Agree,Neither,,Disagree,Agree,,Neither,Neither,
"Ardiente, Krys",1,Agree,Agree,,Agree,Neither,,Agree,Disagree,,Neither ,Neither,,Agree,Disagree,,Disagree,Agree,,Disagree,Agree,
"Bajamundi, Peter Raymond Eco",1,Agree,Agree,,Agree,Agree,,Disagree,Neither,,Neither ,Neither,,Disagree,Neither,,Agree,Agree,,Neither,Neither,
"Boter, Justine Joy P.",1,Agree,Agree,,Agree,Agree,,Neither,Neither,,Neither ,Neither,,Neither,Disagree,,Neither,Neither,,Agree,Agree,
"Chua, Arlene",1,Agree,Agree,,Agree,Agree,,Agree,Disagree,,Agree,Agree,,Neither,Disagree,,Neither,Agree,,Neither,Agree,
"Cordovez, Dennis C.",1,Agree,Agree,,Agree,Neither,,Neither,Disagree,,Disagree,Neither,,Disagree,Disagree,,Agree,Agree,,Agree,Agree,
"De Ungria, Maria Kriselda G.",1,Agree,Agree,,Agree,Agree,,Neither,Neither,,Agree,Agree,,Neither,Neither,,Agree,Agree,,Neither,Agree,
"Dela Cruz, Maria Buena",1,Agree,,,Agree,,,Neither,,,Agree,,,Disagree,,,Agree,,,Agree,,
"Dialino, Jonathan M.",0,Agree,Agree,,Agree,Agree,,Disagree,Disagree,,Agree,Neither,,Disagree,Agree,,Agree,Neither,,Neither,Neither,
"Gaffud, Joel",1,Agree,,Agree,Agree,,Agree,Neither,,Disagree,Agree,,Agree,Disagree,,Disagree,Neither,,Neither,Agree,,Neither
"Geronimo, Cher ",1,Agree ,Agree,,Agree,Disagree,,Disagree,Disagree,,Neither ,Neither,,Disagree,Disagree,,Agree,Agree,,Neither,Neither,
"Guinto, Angelo Carlo",1,Agree,Agree,,Neither,Disagree,,Neither,Neither,,Neither ,Agree,,Disagree,Agree,,Neither,Disagree,,Neither,Disagree,
"Kraft, Bryan Jefferson",1,Agree,Agree,,Agree,Agree,,Agree,Disagree,,Agree,Agree,,Neither,Disagree,,Agree,Agree,,Neither,Neither,
"Lim, Jeffrey C. ",1,Agree,,,Neither,,,Neither,,,Neither ,,,Disagree,,,Disagree,,,Neither,,
"Mari, Antonio Jr. C.",0,Agree,,,Agree,,,Agree,,,Agree,,,Agree,,,Disagree,,,Agree,,
"Morales, Michele",1,Agree,,,Agree,,,Neither,,,Neither ,,,Disagree,,,Agree,,,Neither,,
"Orpilla, Vergel ",1,Agree,Agree,,Agree,Agree,,Disagree,Disagree,,Agree,Agree,,Disagree,Disagree,,Agree,Agree,,Agree,Agree,
"OT/Maniquiz, John Jason P.",1,Agree,,,Agree,,,Disagree,,,Agree,,,Disagree,,,Neither,,,Neither,,
"Panganiban, Farrah",1,Agree,agree,,Agree,Agree,,Disagree,Disagree,,Agree,Agree,,Agree,Disagree,,Disagree,Agree,,Disagree,Agree,
"Paras, Eleanor ",1,Agree,,Agree,Agree,,Agree,Disagree,,Neither,Neither ,,Neither,Disagree,,Agree,Neither,,Neither,Neither,,Neither
"Paz, Ronalyn",1,Neither,Agree,,Neither,Agree,,Disagree,Disagree,,Neither ,Neither,,Neither,Neither,,Neither,Neither,,Neither,Agree,
"Punzalan, Donna",1,Agree ,,,Agree,,,Disagree,,,Agree,,,Disagree,,,Agree,,,Agree,,
"Rea, Karlos Lorenzo",1,Agree,Agree,,Agree,Agree,,Neither,Neither,,Agree,Neither,,Disagree,Neither,,Neither,Agree,,Neither,Agree,
"Reyes, Mana Graciela Q.",1,Agree,,Agree,Agree,,Agree,Disagree,,Neither,Neither ,,Neither,Neither,,Agree,Disagree,,Neither,Disagree,,Neither
"Rillera, Bea S. ",1,Agree,Agree,,Agree,Agree,,Neither,Agree,,Neither ,Agree,,Neither,Neither,,Neither,Neither,,Agree,Neither,
"Saccuan, Kristine E.",1,Agree,Agree,,Agree,Disagree,,Neither,Neither,,Disagree,Agree,,Neither,Agree,,Neither,Disagree,,Disagree,Disagree,
"Salamat, Jerome",1,Agree,,Agree,Agree,,Agree,Disagree,,Disagree,Neither ,,Neither,Disagree,,Agree,Neither,,Neither,Neither,,Neither
"Salas, Emma",1,Agree,,Agree,Agree,,Agree,Neither,,Disagree,Agree,,Neither,Neither,,Agree,Neither,,Agree,Agree,,Agree
"San Diego, Mark Christian D.",1,Agree,Agree,,Agree,Agree,,Neither,Neither,,Neither ,Neither,,Neither,Disagree,,Neither,Neither,,Neither,Disagree,
"So, Wyl Kleon C.",1,Neither,Agree,,Neither,Agree,,Disagree,Neither,,Neither ,Neither,,Agree ,Neither,,Neither,Neither,,Neither,Neither,
"Soto, Patrice",1,Agree,Agree,,Agree,Agree,,Agree,Agree,,Neither ,Neither,,Agree,Neither,,Disagree,Neither,,Disagree,Disagree,
"Subia, Catherine L.",1,Agree,Agree,,Niether,Neither,,Disagree,Disagree,,Neither ,Agree,,Neither,Neither,,Neither,Disagree,,Neither,Agree,
"Tabaros, Jamaica J.",1,Agree,Agree,,Agree,Agree,,Neither,Neither,,Neither ,Neither,,Disagree,Disagree,,Agree,Neither,,Agree,Disagree,
"Telan, Margie D.",1,Agree,,,Agree,,,Disagree,,,Agree,,,Disagree,,,Agree,,,Agree,,
"Versales, Tin",1,Agree,Agree,,Agree,Agree,,Disagree,Disagree,,Agree,Agree,,Disagree,Disagree,,Agree,Agree,,Agree,Agree,
