Name,Pre_Q1,Post3_Q1,Pre_Q2,Post3_Q2,Pre_Q3,Post3_Q3,Pre_Q4,Post3_Q4,Pre_Q5,Post3_Q5,Pre_Q6,Post3_Q6,Pre_Q7,Post3_Q7
"Agarpao, Kae S.",Agree,Agree,Agree,Disagree,Neither,Disagree,Agree,Agree,Neither,Disagree,Agree,Agree,Neither,Disagree
"Tabares, Jamaica J.",Agree,Agree,Agree,Agree,Neither,Neither,Neither ,Neither,Disagree,Disagree,Agree,Neither,Agree,Disagree
"Subia, Catherine L.",Agree,Agree,Niether,Neither,Disagree,Disagree,Neither ,Agree,Neither,Neither,Neither,Disagree,Neither,Agree
"Versales, Tin",Agree,Agree,Agree,Agree,Disagree,Disagree,Agree,Agree,Disagree,Disagree,Agree,Agree,Agree,Agree
"Boter, Justine Joy P.",Agree,Agree,Agree,Agree,Neither,Neither,Neither ,Neither,Neither,Disagree,Neither,Neither,Agree,Agree
"Arao, Jacquelyn T.",Agree,Agree,Neither,Agree,Neither,Neither,Agree,Agree,Agree,Neither,Disagree,Agree,Neither,Neither
"Ardiente, Krys",Agree,Agree,Agree,Neither,Agree,Disagree,Neither ,Neither,Agree,Disagree,Disagree,Agree,Disagree,Agree
"So, Wyl Kleon C.",Neither,Agree,Neither,Agree,Disagree,Neither,Neither ,Neither,Agree ,Neither,Neither,Neither,Neither,Neither
"Rillera, Bea S. ",Agree,Agree,Agree,Agree,Neither,Agree,Neither ,Agree,Neither,Neither,Neither,Neither,Agree,Neither
"Soto, Patrice",Agree,Agree,Agree,Agree,Agree,Agree,Neither ,Neither,Agree,Neither,Disagree,Neither,Disagree,Disagree
"Abril, Lean Alejandro V.",Agree,Neither,Neither,Neither,Disagree,Disagree,Agree,Agree,Neither,Disagree,Disagree,Neither,Neither,Neither
"Kraft, Bryan Jefferson",Agree,Agree,Agree,Agree,Agree,Disagree,Agree,Agree,Neither,Disagree,Agree,Agree,Neither,Neither
"Panganiban, Farrah",Agree,agree,Agree,Agree,Disagree,Disagree,Agree,Agree,Agree,Disagree,Disagree,Agree,Disagree,Agree
"Bajamundi, Peter Raymond Eco",Agree,Agree,Agree,Agree,Disagree,Neither,Neither ,Neither,Disagree,Neither,Agree,Agree,Neither,Neither
"Saccuan, Kristine E.",Agree,Agree,Agree,Disagree,Neither,Neither,Disagree,Agree,Neither,Agree,Neither,Disagree,Disagree,Disagree
"Geronimo, Cher ",Agree ,Agree,Agree,Disagree,Disagree,Disagree,Neither ,Neither,Disagree,Disagree,Agree,Agree,Neither,Neither
"Guinto, Angelo Carlo",Agree,Agree,Neither,Disagree,Neither,Neither,Neither ,Agree,Disagree,Agree,Neither,Disagree,Neither,Disagree
"Paz, Ronalyn",Neither,Agree,Neither,Agree,Disagree,Disagree,Neither ,Neither,Neither,Neither,Neither,Neither,Neither,Agree
"Orpilla, Vergel ",Agree,Agree,Agree,Agree,Disagree,Disagree,Agree,Agree,Disagree,Disagree,Agree,Agree,Agree,Agree
"Rea, Karlos Lorenzo",Agree,Agree,Agree,Agree,Neither,Neither,Agree,Neither,Disagree,Neither,Neither,Agree,Neither,Agree
"San Diego, Mark Christian D.",Agree,Agree,Agree,Agree,Neither,Neither,Neither ,Neither,Neither,Disagree,Neither,Neither,Neither,Disagree
"Cordovez, Dennis C.",Agree,Agree,Agree,Neither,Neither,Disagree,Disagree,Neither,Disagree,Disagree,Agree,Agree,Agree,Agree
"De Ungria, Maria Kriselda G.",Agree,Agree,Agree,Agree,Neither,Neither,Agree,Agree,Neither,Neither,Agree,Agree,Neither,Agree
"Chua, Arlene",Agree,Agree,Agree,Agree,Agree,Disagree,Agree,Agree,Neither,Disagree,Neither,Agree,Neither,Agree
