Respondent,Pretest,immed post,3 months post
"Abril, Lean",3,26,42
"Agarpao, Kae",52,81,99
"Arao, Jacqueline",29,79,63
"Ardiente, Krys",12,47,32
"Bajamundi, Peter",41,50,37
"Boter, Justine",41,71,65
Dialino,77,77,77
"Cordovez, Dennis",69,61,69
"De Ungria, Kriselda",39,35,35
"Geronimo, Cher",10,55,55
"Guinto, Carlo ",15,65,30
"Kraft, Bryan",51,87,59
"Orpilla, Vergel",59,53,81
"Panganiban, Farrah",33,73,23
"Paz, Ronalyn",2,48,48
"Rea, Karlos",52,75,59
"Rillera, Bea",44,66,48
"Saccuan, Kristine",26,54,53
"san Diego, Mark",78,65,69
"So, Wyl Kleon",38,63,60
"Soto, Patrice",16,72,58
"Subia, Catherine",11,21,21
"Tabares, Jamaica",36,57,70
"Versales, Tin",49,83,118
