NAME,AGE,GENDER,CURRENT WORK POSITION,AFFILIATION,PRACTICE SETTING (HOSPITAL/CLINIC/SCHOOL/GYM),YEARS OF PRACTICE (months),SCHOOL GRADUATED,LOCATION,HIGHEST EDUCATIONAL ATTAINMENT,SCHOOL OR UNIVERSITY,CERTIFICATION/DIPLOMA COURSE,SCHOOL OR UNIVERSITY; LOCATION,HAD FORMAL EBP TRAINING (Y/N)? ,DESCRIBE,DATE/YEAR OF TRAINING
"Arao, Jacquelyn T.",23,Female,Physical Therapist Technician II,Philippine Orthopedic Center,HOSPITAL,19,PLM,"Intramuros, Manila",Bachelors Degree,,,,No,,
"Ardiente, Krystle",24,Female,Physical Therapist,Philippine Orthopedic Center,HOSPITAL,36,PLM,"Intramuros, Manila",Bachelors Degree,,,,No,,
"Soto, Patrice P.",27,Female,Physical Therapist,Philippine Orthopedic Center,HOSPITAL,36,PLM,"Intramuros, Manila",Bachelors Degree,,,,No,,
"Abril, Lean Alejandro V.",22,Male,Physical Therapist,Philippine Orthopedic Center,HOSPITAL,6,FEU-NRMF,Quezon City,Bachelors Degree,,,,No,,
"Bajamundi, Peter Raymond E.",23,Male,Physical Therapist Technician I,Philippine Orthopedic Center,HOSPITAL,4,MCU,"Edsa, Caloocan",Bachelors Degree,,,,No,,
"Saccuan, Kristine E.",23,Female,Physical Therapist Technician II,Philippine Orthopedic Center,HOSPITAL,13,UST,"Espana, Manila",Bachelors Degree,,,,No,,
"Subia, Catherine L.",34,Female,PT Volunteer,Philippine Orthopedic Center,HOSPITAL,24,Northwestern University,"Laoag City, Ilocos Norte",Bachelors Degree,,Manual Therapy,,,,
"Guinto, Angelo Carlo",23,Male,Physical Therapist,Philippine Orthopedic Center,HOSPITAL,12,UST,"Espana, Manila",Bachelors Degree,,,,No,,
"Geronimo, Cher",36,Female,Physical Therapist,Philippine Orthopedic Center,HOSPITAL,144,DLSU-HSC,"Dasmarinas, Cavite",Bachelors Degree,,,,No,,
"Paz, Ronalyn",35,Female,Physical Therapist,POC,HOSPITAL,120,Delos Santos,Quezon City,Bachelors Degree,,,,No,,
"De Ungria, Maria Kriselda",23,Female,Physical Therapist,POC,HOSPITAL,24,PLM,"Intramuros, Manila",Bachelors Degree,,,,,,
Dialin,32,Male,Physical therapist,POC,HOSPITAL,96,DLSU-HSC,"Dasmarinas, Cavite",Bachelors Degree,,Geriatric Rehabilitation,,No,,
"Boter, Justine Joy P.",23,Female,Staff Physical Therapist,USTH-AMRC,HOSPITAL,22,UST,"Espana, Manila",Bachelors Degree,,,,Yes,Evidence Based Practice Training held at USTH-AMRC,Mar-13
"Rillera, Bea S.",23,Female,Staff Physical Therapist,USTH-AMRC,HOSPITAL,7,UST,"Espana, Manila",Bachelors Degree,,,,Yes,Evidence Based Practice Training held at USTH-AMRC,Mar-13
"Versales, Cristine",29,Female,Staff Physical Therapist,USTH-AMRC,HOSPITAL,72,UST,"Espana, Manila",Masters Degree,UST,,,yes,Evidence Based Practice Training held at USTH-AMRC,Mar-13
"Tabares, Jamaica",23,Female,Staff Physical Therapist,USTH-AMRC,HOSPITAL,19,UST,"Espana, Manila",Bachelors Degree,,,,Yes,Evidence Based Practice Training held at USTH-AMRC,Mar-13
"Agarpao, Kae S.",23,Female,Staff Physical Therapist,USTH-AMRC,HOSPITAL,17,UST,"Espana, Manila",Bachelors Degree,,,,Yes,Evidence Based Practice Training held at USTH-AMRC,Mar-13
"Panganiban, Farrah",32,Female,Staff Physical Therapist,USTH-AMRC,HOSPITAL,132,UST,"Espana, Manila",Bachelors Degree,,CMT,NCR,No,,
"Kraft, Bryan Jefferson M.",24,Male,Staff Physical Therapist,USTH-AMRC,HOSPITAL,24,UST,"Espana, Manila",Bachelors Degree,,,,Yes,Evidence Based Practice Training held at USTH-AMRC,Mar-13
"Rea, Karlos Lorenzo",25,Male,Physical Therapist,USTH-AMRC,HOSPITAL,48,UST,"Espana, Manila",Bachelors Degree,,,,No,,
"Orpilla, Vergel",35,Male,Acting Chief PT,USTH-AMRC,HOSPITAL,144,UST,"Espana, Manila",Masters Degree,MSPT-UST,CMT,NCR,Yes,Evidence Based Practice for Clinicians,Mar-13
"So, Wyl Kleon C.",25,Male,Staff Physio Therapist,USTH-AMRC,HOSPITAL,24,UST,"Espana, Manila",Bachelors Degree,,,,No,,
"San Diego,  Mark Christian",24,Male,Staff Physical Therapist,USTH-AMRC,HOSPITAL,27,UST,"Espana, Manila",Bachelors Degree,,,,No,,
"Cordovez, Dennis",22,Male,Staff Physical Therapist,USTH-AMRC,HOSPITAL,7,UST,"Espana, Manila",Masters Degree,UPM ,,,No,,
