Name,Pre_Q1,Post_Q1,Post3_Q1,Pre_Q2,Post_Q2,Post3_Q2,Pre_Q3,Post_Q3,Post3_Q3,Pre_Q4,Post_Q4,Post3_Q4,Pre_Q5,Post_Q5,Post3_Q5,Pre_Q6,Post_Q6,Post3_Q6,Pre_Q7,Post_Q7,Post3_Q7
"Agarpao, Kae S.",Agree,Agree,Agree,Agree,Neither,Disagree,Neither,Disagree,Disagree,Agree,Disagree,Agree,Neither,Neither,Disagree,Agree,Neithetr,Agree,Neither,Disagree,Disagree
"Abril, Lean Alejandro V.",Agree,Neither,Neither,Neither,Neither,Neither,Disagree,Neither,Disagree,Agree,Agree,Agree,Neither,Neither,Disagree,Disagree,Disagree,Neither,Neither,Disagree,Neither
"Arao, Jacquelyn T.",Agree,Agree,Agree,Neither,Agree,Agree,Neither,Neither,Neither,Agree,Agree,Agree,Agree,Neither,Neither,Disagree,Neithetr,Agree,Neither,Neither,Neither
"Ardiente, Krys",Agree,Agree,Agree,Agree,Agree,Neither,Agree,Agree,Disagree,Neither ,Neither,Neither,Agree,Disagree,Disagree,Disagree,Agree,Agree,Disagree,Agree,Agree
"Bajamundi, Peter Raymond Eco",Agree,Agree,Agree,Agree,Agree,Agree,Disagree,Disagree,Neither,Neither ,Neither,Neither,Disagree,Disagree,Neither,Agree,Agree,Agree,Neither,Disagree,Neither
"Boter, Justine Joy P.",Agree,Agree,Agree,Agree,Agree,Agree,Neither,Neither,Neither,Neither ,Neither,Neither,Neither,Disagree,Disagree,Neither,Neithetr,Neither,Agree,Agree,Agree
Dialino,Agree,Agree,Agree,Agree,Agree,Agree,Agree,Agree,Disagree,Agree,Agree,Agree,Neither,Neither,Disagree,Neither,Neithetr,Agree,Neither,Neither,Agree
"Cordovez, Dennis C.",Agree,Agree,Agree,Agree,Agree,Neither,Neither,Neither,Disagree,Disagree,Disagree,Neither,Disagree,Disagree,Disagree,Agree,Agree,Agree,Agree,Agree,Agree
"De Ungria, Maria Kriselda G.",Agree,Agree,Agree,Agree,Agree,Agree,Neither,Neither,Neither,Agree,Agree,Agree,Neither,Neither,Neither,Agree,Agree,Agree,Neither,Agree,Agree
"Geronimo, Cher ",Agree ,Agree,Agree,Agree,Agree,Disagree,Disagree,Disagree,Disagree,Neither ,Neither,Neither,Disagree,Disagree,Disagree,Agree,Agree,Agree,Neither,Neither,Neither
"Guinto, Angelo Carlo",Agree,Agree,Agree,Neither,Agree,Disagree,Neither,Disagree,Neither,Neither ,Neither,Agree,Disagree,Disagree,Agree,Neither,Neithetr,Disagree,Neither,Neither,Disagree
"Kraft, Bryan Jefferson",Agree,Agree,Agree,Agree,Agree,Agree,Agree,Agree,Disagree,Agree,Agree,Agree,Neither,Agree,Disagree,Agree,Agree,Agree,Neither,Disagree,Neither
"Orpilla, Vergel ",Agree,Agree,Agree,Agree,Agree,Agree,Disagree,Disagree,Disagree,Agree,Agree,Agree,Disagree,Disagree,Disagree,Agree,Agree,Agree,Agree,Agree,Agree
"Panganiban, Farrah",Agree,Agree,agree,Agree,Agree,Agree,Disagree,Disagree,Disagree,Agree,Agree,Agree,Agree,Disagree,Disagree,Disagree,Agree,Agree,Disagree,Agree,Agree
"Paz, Ronalyn",Neither,Agree,Agree,Neither,Agree,Agree,Disagree,Disagree,Disagree,Neither ,Neither,Neither,Neither,Neither,Neither,Neither,Neithetr,Neither,Neither,Agree,Agree
"Rea, Karlos Lorenzo",Agree,Agree,Agree,Agree,Agree,Agree,Neither,Neither,Neither,Agree,Neither,Neither,Disagree,Neither,Neither,Neither,Neithetr,Agree,Neither,Neither,Agree
"Rillera, Bea S. ",Agree,Agree,Agree,Agree,Agree,Agree,Neither,Neither,Agree,Neither ,Neither,Agree,Neither,Disagree,Neither,Neither,Neithetr,Neither,Agree,Agree,Neither
"Saccuan, Kristine E.",Agree,Agree,Agree,Agree,Agree,Disagree,Neither,Neither,Neither,Disagree,Neither,Agree,Neither,Disagree,Agree,Neither,Agree,Disagree,Disagree,Neither,Disagree
"San Diego, Mark Christian D.",Agree,Agree,Agree,Agree,Agree,Agree,Neither,Neither,Neither,Neither ,Neither,Neither,Neither,Neither,Disagree,Neither,Neithetr,Neither,Neither,Neither,Disagree
"So, Wyl Kleon C.",Neither,Neither,Agree,Neither,Neither,Agree,Disagree,Neither,Neither,Neither ,Neither,Neither,Agree ,Agree,Neither,Neither,Disagree,Neither,Neither,Disagree,Neither
"Soto, Patrice",Agree,Neither,Agree,Agree,Agree,Agree,Agree,Neither,Agree,Neither ,Agree,Neither,Agree,Disagree,Neither,Disagree,Agree,Neither,Disagree,Disagree,Disagree
"Subia, Catherine L.",Agree,Agree,Agree,Niether,Neither,Neither,Disagree,Disagree,Disagree,Neither ,Agree,Agree,Neither,Neither,Neither,Neither,Disagree,Disagree,Neither,Agree,Agree
"Tabares, Jamaica J.",Agree,Neither,Agree,Agree,Agree,Agree,Neither,Neither,Neither,Neither ,Neither,Neither,Disagree,Neither,Disagree,Agree,Agree,Neither,Agree,Agree,Disagree
"Versales, Tin",Agree,Agree,Agree,Agree,Agree,Agree,Disagree,Disagree,Disagree,Agree,Agree,Agree,Disagree,Disagree,Disagree,Agree,Agree,Agree,Agree,Agree,Agree
