NAME,Group,AGE,YEARS OF PRACTICE
"Abril, Lean Alejandro V.",PU,22,6
"Agarpao, Kae S.",PU,23,17
"Ang, Mary Katherine",VA,26,24
"Arao, Jacquelyn T.",PU,23,19
"Ardiente, Krystle",PU,24,36
"Bajamundi, Peter Raymond E.",PU,23,4
"Boter, Justine Joy P.",PU,23,22
"Cordovez, Dennis",PU,22,7
"De Ungria, Maria Kriselda",PU,23,24
"Dela Cruz, Maria Buena",VA,29,60
"Dialino, Jonathan",PU,32,96
"Gaffud, Joel",VA,39,180
"Geronimo, Cher",PU,36,144
"Guinto, Angelo Carlo",PU,23,12
"Kraft, Bryan Jefferson M.",PU,24,24
"Lim, Jeffrey C.",VA,27,2
"Mari, Antonio Jr.",VA,37,48
"Morales, Michelle M.",VA,22,1
"Orpilla, Vergel",PU,35,144
"Panganiban, Farrah",PU,32,132
"Paras, Eleanor L.",VA,24,17
"Paz, Ronalyn",PU,35,120
"Punzalan, Donna",VA,35,5
"Rea, Karlos Lorenzo",PU,25,48
"Reyes, Maria Graciela Q.",VA,31,24
"Rillera, Bea S.",PU,23,7
"Saccuan, Kristine E.",PU,23,13
"Salamat, Jerome E.",VA,26,48
"Salas, Emma",VA,36,36
"San Diego,  Mark Christian",PU,24,27
"So, Wyl Kleon C.",PU,25,24
"Soto, Patrice P.",PU,27,36
"Subia, Catherine L.",PU,34,24
"Tabares, Jamaica",PU,23,19
"Telan, Margie",VA,36,72
"Versales, Cristine",PU,29,72
