Name,Group,PreQ1,PostQ1,Post3Q1,PreQ2,PostQ2,Post3Q2,PreQ3,PostQ3,Post3Q3,PreQ4,PostQ4,Post3Q4,PreQ5,PostQ5,Post3Q5,PreQ6,PostQ6,Post3Q6,PreQ7,PostQ7,Post3Q7,,,,,,,,,,,,,,,,,,,,,,,,,,
"Ang, Mary Katherine",VA,Agree,Agree,Agree,Agree,Agree,Agree,Disagree,Disagree,Neither,Neither ,Neither,Agree,Neither,Neither,Neither,Disagree,Neither,Disagree,Neither,Neither,Disagree,,,,,,,,,,,,,,,,,,,,,,,,,,
"Abril, Lean Alejandro V.",PU,Agree,Neither,Neither,Neither,Neither,Neither,Disagree,Neither,Disagree,Agree,Agree,Agree,Neither,Neither,Disagree,Disagree,Disagree,Neither,Neither,Disagree,Neither,,,,,,,,,,,,,,,,,,,,,,,,,,
"Agarpao, Kae S.",PU,Agree,Agree,Agree,Agree,Neither,Disagree,Neither,Disagree,Disagree,Agree,Disagree,Agree,Neither,Neither,Disagree,Agree,Neither,Agree,Neither,Disagree,Disagree,,,,,,,,,,,,,,,,,,,,,,,,,,
"Arao, Jacquelyn T.",PU,Agree,Agree,Agree,Neither,Agree,Agree,Neither,Neither,Neither,Agree,Agree,Agree,Agree,Neither,Neither,Disagree,Neither,Agree,Neither,Neither,Neither,,,,,,,,,,,,,,,,,,,,,,,,,,
"Ardiente, Krys",PU,Agree,Agree,Agree,Agree,Agree,Neither,Agree,Agree,Disagree,Neither ,Neither,Neither,Agree,Disagree,Disagree,Disagree,Agree,Agree,Disagree,Agree,Agree,,,,,,,,,,,,,,,,,,,,,,,,,,
"Bajamundi, Peter Raymond Eco",PU,Agree,Agree,Agree,Agree,Agree,Agree,Disagree,Disagree,Neither,Neither ,Neither,Neither,Disagree,Disagree,Neither,Agree,Agree,Agree,Neither,Disagree,Neither,,,,,,,,,,,,,,,,,,,,,,,,,,
"Boter, Justine Joy P.",PU,Agree,Agree,Agree,Agree,Agree,Agree,Neither,Neither,Neither,Neither ,Neither,Neither,Neither,Disagree,Disagree,Neither,Neither,Neither,Agree,Agree,Agree,,,,,,,,,,,,,,,,,,,,,,,,,,
Dialino,PU,Agree,Agree,Agree,Agree,Agree,Agree,Agree,Agree,Disagree,Agree,Agree,Agree,Neither,Neither,Disagree,Neither,Neither,Agree,Neither,Neither,Agree,,,,,,,,,,,,,,,,,,,,,,,,,,
"Cordovez, Dennis C.",PU,Agree,Agree,Agree,Agree,Agree,Neither,Neither,Neither,Disagree,Disagree,Disagree,Neither,Disagree,Disagree,Disagree,Agree,Agree,Agree,Agree,Agree,Agree,,,,,,,,,,,,,,,,,,,,,,,,,,
"De Ungria, Maria Kriselda G.",PU,Agree,Agree,Agree,Agree,Agree,Agree,Neither,Neither,Neither,Agree,Agree,Agree,Neither,Neither,Neither,Agree,Agree,Agree,Neither,Agree,Agree,,,,,,,,,,,,,,,,,,,,,,,,,,
"Dela Cruz, Maria Buena",VA,Agree,Agree,Agree,Agree,Agree,Agree,Neither,Disagree,Disagree,Agree,Agree,Agree,Disagree,Disagree,Disagree,Agree,Agree,Agree,Agree,Disagree,Disagree,,,,,,,,,,,,,,,,,,,,,,,,,,
"Gaffud, Joel",VA,Agree,Agree,Agree,Agree,Agree,Agree,Neither,Disagree,Disagree,Agree,Agree,Agree,Disagree,Disagree,Disagree,Neither,Neither,Neither,Agree,Neither,Neither,,,,,,,,,,,,,,,,,,,,,,,,,,
"Geronimo, Cher ",PU,Agree ,Agree,Agree,Agree,Agree,Disagree,Disagree,Disagree,Disagree,Neither ,Neither,Neither,Disagree,Disagree,Disagree,Agree,Agree,Agree,Neither,Neither,Neither,,,,,,,,,,,,,,,,,,,,,,,,,,
"Guinto, Angelo Carlo",PU,Agree,Agree,Agree,Neither,Agree,Disagree,Neither,Disagree,Neither,Neither ,Neither,Agree,Disagree,Disagree,Agree,Neither,Neither,Disagree,Neither,Neither,Disagree,,,,,,,,,,,,,,,,,,,,,,,,,,
"Kraft, Bryan Jefferson",PU,Agree,Agree,Agree,Agree,Agree,Agree,Agree,Agree,Disagree,Agree,Agree,Agree,Neither,Agree,Disagree,Agree,Agree,Agree,Neither,Disagree,Neither,,,,,,,,,,,,,,,,,,,,,,,,,,
"Lim, Jeffrey C. ",VA,Agree,Agree,Agree,Neither,Agree,Agree,Neither,Disagree,Disagree,Neither ,Neither,Neither,Disagree,Neither,Neither,Disagree,Agree,Agree,Neither,Neither,Neither,,,,,,,,,,,,,,,,,,,,,,,,,,
"Mari, Antonio Jr. C.",VA,Agree,Agree,Agree,Agree,Neither,Agree,Agree,Neither,Disagree,Agree,Agree,Agree,Agree,Disagree,Neither,Disagree,Agree,Neither,Agree,Disagree,Agree,,,,,,,,,,,,,,,,,,,,,,,,,,
"Morales, Michele",VA,Agree,Agree,Agree,Agree,Agree,Disagree,Neither,Agree,Agree,Neither ,Disagree,Agree,Disagree,Disagree,Agree,Agree,Agree,Disagree,Neither,Neither,Disagree,,,,,,,,,,,,,,,,,,,,,,,,,,
"Orpilla, Vergel ",PU,Agree,Agree,Agree,Agree,Agree,Agree,Disagree,Disagree,Disagree,Agree,Agree,Agree,Disagree,Disagree,Disagree,Agree,Agree,Agree,Agree,Agree,Agree,,,,,,,,,,,,,,,,,,,,,,,,,,
"Panganiban, Farrah",PU,Agree,Agree,agree,Agree,Agree,Agree,Disagree,Disagree,Disagree,Agree,Agree,Agree,Agree,Disagree,Disagree,Disagree,Agree,Agree,Disagree,Agree,Agree,,,,,,,,,,,,,,,,,,,,,,,,,,
"Paras, Eleanor ",VA,Agree,Agree,Agree,Agree,Agree,Agree,Disagree,Disagree,Neither,Neither ,Agree,Neither,Disagree,Disagree,Agree,Neither,Agree,Neither,Neither,Disagree,Neither,,,,,,,,,,,,,,,,,,,,,,,,,,
"Paz, Ronalyn",PU,Neither,Agree,Agree,Neither,Agree,Agree,Disagree,Disagree,Disagree,Neither ,Neither,Neither,Neither,Neither,Neither,Neither,Neither,Neither,Neither,Agree,Agree,,,,,,,,,,,,,,,,,,,,,,,,,,
"Punzalan, Donna",VA,Agree ,Agree,Agree,Agree,Agree,Agree,Disagree,Disagree,Disagree,Agree,Agree,Agree,Disagree,Disagree,Disagree,Agree,Agree,Agree,Agree,Agree,Agree,,,,,,,,,,,,,,,,,,,,,,,,,,
"Rea, Karlos Lorenzo",PU,Agree,Agree,Agree,Agree,Agree,Agree,Neither,Neither,Neither,Agree,Neither,Neither,Disagree,Neither,Neither,Neither,Neither,Agree,Neither,Neither,Agree,,,,,,,,,,,,,,,,,,,,,,,,,,
"Reyes, Mana Graciela Q.",VA,Agree,Agree,Agree,Agree,Agree,Agree,Disagree,Disagree,Neither,Neither ,Neither,Neither,Neither,Disagree,Agree,Disagree,Agree,Neither,Disagree,Neither,Neither,,,,,,,,,,,,,,,,,,,,,,,,,,
"Rillera, Bea S. ",PU,Agree,Agree,Agree,Agree,Agree,Agree,Neither,Neither,Agree,Neither ,Neither,Agree,Neither,Disagree,Neither,Neither,Neither,Neither,Agree,Agree,Neither,,,,,,,,,,,,,,,,,,,,,,,,,,
"Saccuan, Kristine E.",PU,Agree,Agree,Agree,Agree,Agree,Disagree,Neither,Neither,Neither,Disagree,Neither,Agree,Neither,Disagree,Agree,Neither,Agree,Disagree,Disagree,Neither,Disagree,,,,,,,,,,,,,,,,,,,,,,,,,,
"Salamat, Jerome",VA,Agree,Agree,Agree,Agree,Agree,Agree,Disagree,Disagree,Disagree,Neither ,Neither,Neither,Disagree,Disagree,Agree,Neither,Agree,Neither,Neither,Neither,Neither,,,,,,,,,,,,,,,,,,,,,,,,,,
"Salas, Emma",VA,Agree,Agree,Agree,Agree,Agree,Agree,Neither,Disagree,Disagree,Agree,Agree,Neither,Neither,Disagree,Agree,Neither,Agree,Agree,Agree,Agree,Agree,,,,,,,,,,,,,,,,,,,,,,,,,,
"San Diego, Mark Christian D.",PU,Agree,Agree,Agree,Agree,Agree,Agree,Neither,Neither,Neither,Neither ,Neither,Neither,Neither,Neither,Disagree,Neither,Neither,Neither,Neither,Neither,Disagree,,,,,,,,,,,,,,,,,,,,,,,,,,
"So, Wyl Kleon C.",PU,Neither,Neither,Agree,Neither,Neither,Agree,Disagree,Neither,Neither,Neither ,Neither,Neither,Agree ,Agree,Neither,Neither,Disagree,Neither,Neither,Disagree,Neither,,,,,,,,,,,,,,,,,,,,,,,,,,
"Soto, Patrice",PU,Agree,Neither,Agree,Agree,Agree,Agree,Agree,Neither,Agree,Neither ,Agree,Neither,Agree,Disagree,Neither,Disagree,Agree,Neither,Disagree,Disagree,Disagree,,,,,,,,,,,,,,,,,,,,,,,,,,
"Subia, Catherine L.",PU,Agree,Agree,Agree,Neither,Neither,Neither,Disagree,Disagree,Disagree,Neither ,Agree,Agree,Neither,Neither,Neither,Neither,Disagree,Disagree,Neither,Agree,Agree,,,,,,,,,,,,,,,,,,,,,,,,,,
"Tabaros, Jamaica J.",PU,Agree,Neither,Agree,Agree,Agree,Agree,Neither,Neither,Neither,Neither ,Neither,Neither,Disagree,Neither,Disagree,Agree,Agree,Neither,Agree,Agree,Disagree,,,,,,,,,,,,,,,,,,,,,,,,,,
"Telan, Margie D.",VA,Agree,Agree,Agree,Agree,Agree,Agree,Disagree,Disagree,Disagree,Agree,Agree,Agree,Disagree,Disagree,Disagree,Agree,Agree,Agree,Agree,Disagree,Disagree,,,,,,,,,,,,,,,,,,,,,,,,,,
"Versales, Tin",PU,Agree,Agree,Agree,Agree,Agree,Agree,Disagree,Disagree,Disagree,Agree,Agree,Agree,Disagree,Disagree,Disagree,Agree,Agree,Agree,Agree,Agree,Agree,,,,,,,,,,,,,,,,,,,,,,,,,,
,,,,,,,,,,,,,,,,,,,,,,,,,,,,,,,,,,,,,,,,,,,,,,,,
