Name,Group,EBPTrained,PreAFT,PostAFT,Post3AFT
"Abril, Lean",PU,0,3,26,42
"Agarpao, Kae",PU,1,52,81,99
"Ang, Mary Katherine",VA,1,13,68,31
"Arao, Jacqueline",PU,0,29,79,63
"Ardiente, Krys",PU,0,12,47,32
"Bajamundi, Peter",PU,0,41,50,37
"Boter, Justine",PU,1,41,71,65
"Cordovez, Dennis",PU,0,69,61,69
"De Ungria, Kriselda",PU,0,39,35,35
"dela Cruz, Maria Buena",VA,1,16,54,54
"Dialino-Chua, Arlene",PU,0,77,77,77
"Gaffud, Joel",VA,1,22,73,73
"Geronimo, Cher",PU,0,10,55,55
"Guinto, Carlo ",PU,0,15,65,30
"Kraft, Bryan",PU,1,51,87,59
"Lim, Jeffrey",VA,0,23,37,37
"Mari, Antonio",VA,0,5,23,21
"Morales, Michelle",VA,0,40,42,64
"Orpilla, Vergel",PU,1,59,53,81
"Panganiban, Farrah",PU,0,33,73,23
"Paras, Eleonor",VA,1,19,66,38
"Paz, Ronalyn",PU,0,2,48,48
"Punzalan, Do0nna",VA,0,8,41,41
"Rea, Karlos",PU,0,52,75,59
"Reyes, Maria Graciella",VA,1,15,74,47
"Rillera, Bea",PU,1,44,66,48
"Saccuan, Kristine",PU,0,26,54,53
"Salamat, Jerome",VA,1,42,77,55
"Salas, Emma",VA,1,32,83,33
"san Diego, Mark",PU,0,78,65,69
"So, Wyl Kleon",PU,0,38,63,60
"Soto, Patrice",PU,0,16,72,58
"Subia, Catherine",PU,0,11,21,21
"Tabares, Jamaica",PU,1,36,57,70
"Telan, Margie",VA,1,49,46,46
"Versales, Tin",PU,1,49,83,118
